"# Voting Age Population (VAP) and registered voters, by municipality, ALL PROVINCES (national), per Local Government Election year 2000-2021."
"# Source: IEC Atlas GeoServer (atlas.elections.org.za), per-election-year municipality layers."
"# Raw / unfiltered by design -- province-level filtering (e.g. to Mpumalanga) to be done as a later cleaning step, not here."
municipality_code,municipality_name,province,election_year,voting_age_population,registered_voters
,EC05b2 - Umzimvubu [Mount Ayliff],Eastern Cape,2000,156656,115338
,EC05b3 - Matatiele [Matatiele],Eastern Cape,2000,3890,6127
EC101,Camdeboo [Graaff-Reinet],Eastern Cape,2000,23459,16984
EC102,Blue Crane Route [Somerset East],Eastern Cape,2000,19804,15838
EC103,Ikwezi [Jansenville],Eastern Cape,2000,5676,4537
EC104,Makana [Grahamstown],Eastern Cape,2000,45992,39607
EC105,Ndlambe [Port Alfred],Eastern Cape,2000,25057,24942
EC106,Sundays River Valley [Kirkwood],Eastern Cape,2000,27269,21236
EC107,Baviaans [Willowmore],Eastern Cape,2000,8634,6786
EC108,Kouga [Humansdorp],Eastern Cape,2000,35061,29884
EC109,Kou-Kamma [Kareedouw],Eastern Cape,2000,17507,13103
EC121,Mbhashe [Idutywa],Eastern Cape,2000,124371,79166
EC122,Mnquma [Butterworth],Eastern Cape,2000,128023,96880
EC123,Great Kei [Komga],Eastern Cape,2000,10051,9008
EC124,Amahlathi [Stutterheim],Eastern Cape,2000,43629,40279
EC125,Buffalo City [East London],Eastern Cape,2000,442908,380665
EC126,Ngqushwa [Peddie],Eastern Cape,2000,29447,27799
EC127,Nkonkobe [Alice],Eastern Cape,2000,76326,64975
EC128,Nxuba [Adelaide],Eastern Cape,2000,12744,11321
EC131,Inxuba Yethemba [Cradock],Eastern Cape,2000,32175,26011
EC132,Tsolwana [Tarkastad],Eastern Cape,2000,17125,14621
EC133,Inkwanca [Molteno],Eastern Cape,2000,9478,8882
EC134,Lukhanji [Queenstown],Eastern Cape,2000,83042,70817
EC135,Intsika Yethu [Cofimvaba],Eastern Cape,2000,72410,53493
EC136,Emalahleni [Lady Frere],Eastern Cape,2000,73093,59252
EC137,Engcobo [Engcobo],Eastern Cape,2000,80994,49579
EC138,Sakhisizwe [Elliot],Eastern Cape,2000,32278,24321
EC141,Elundini [Mount Fletcher],Eastern Cape,2000,59443,43398
EC142,Senqu [Barkly East],Eastern Cape,2000,62858,51044
EC143,Maletswai [Aliwal North],Eastern Cape,2000,17108,17253
EC144,Gariep [Burgersdorp],Eastern Cape,2000,14947,12624
EC151,Mbizana [Bizana],Eastern Cape,2000,92272,58242
EC152,Ntabankulu [Ntabankulu],Eastern Cape,2000,60928,36640
EC153,Qaukeni [Flagstaff (Ingquza Hill)],Eastern Cape,2000,172723,109877
EC154,Port St Johns [Port St Johns],Eastern Cape,2000,33653,19829
EC155,Nyandeni [Libode],Eastern Cape,2000,136718,76718
EC156,Mhlontlo [Qumbu],Eastern Cape,2000,98033,62512
EC157,King Sabata Dalindyebo [Umtata],Eastern Cape,2000,193556,133711
ECDMA10,Aberdeen Plain,Eastern Cape,2000,3394,2064
ECDMA13,Mount Zebra NP,Eastern Cape,2000,0,0
ECDMA14,Oviston Nature Reserve,Eastern Cape,2000,0,0
ECDMA44,O Conners Camp,Eastern Cape,2000,0,0
NMA,Nelson Mandela Bay [Port Elizabeth],Eastern Cape,2000,580396,472551
FS161,Letsemeng [Koffiefontein],Free State,2000,21168,15561
FS162,Kopanong [Trompsburg],Free State,2000,27488,20549
FS163,Mohokare [Zastron],Free State,2000,24852,16184
FS171,Naledi [Dewetsdorp],Free State,2000,9725,9163
FS172,Mangaung [Bloemfontein],Free State,2000,382623,314708
FS173,Mantsopa [Ladybrand],Free State,2000,17054,18432
FS181,Masilonyana [Theunissen],Free State,2000,41475,33378
FS182,Tokologo [Dealesville],Free State,2000,19029,13032
FS183,Tswelopele [Hoopstad],Free State,2000,41994,26801
FS184,Matjhabeng [Welkom],Free State,2000,261358,196080
FS185,Nala [Bothaville],Free State,2000,33636,31771
FS191,Setsoto [Senekal],Free State,2000,72800,55244
FS192,Dihlabeng [Bethlehem],Free State,2000,76996,62736
FS193,Nketoana [Reitz],Free State,2000,39423,28994
FS194,Maluti a Phofung [Qwa-Qwa],Free State,2000,190605,152867
FS195,Phumelela [Vrede],Free State,2000,13109,16930
FS201,Moqhaka [Kroonstad],Free State,2000,109317,81560
FS203,Ngwathe [Parys],Free State,2000,78684,59963
FS204,Metsimaholo [Sasolburg],Free State,2000,55559,50184
FS205,Mafube [Frankfort],Free State,2000,20091,21594
FSDMA19,Golden Gate Highlands NP,Free State,2000,0,0
,GT02b2 - Kungwini [Bronkhorstspruit],Gauteng,2000,46501,41572
,GT02b1 - Nokeng tsa Taemane [Cullinan],Gauteng,2000,36367,25421
EKU,Ekurhuleni [East Rand],Gauteng,2000,1214029,1083206
GT421,Emfuleni [Vereeniging],Gauteng,2000,364803,322571
GT422,Midvaal [Meyerton],Gauteng,2000,27651,19721
GT423,Lesedi [Heidelberg],Gauteng,2000,27394,31433
GT481,Mogale City [Krugersdorp],Gauteng,2000,142650,137094
GT482,Randfontein [Randfontein],Gauteng,2000,61519,55693
GT483,Westonaria [Westonaria],Gauteng,2000,79932,44576
GTDMA48,West Rand [Sterkfontein DMA],Gauteng,2000,0,0
JHB,City of Johannesburg [Johannesburg],Gauteng,2000,1771574,1622650
TSH,Tshwane Metro [Pretoria],Gauteng,2000,988918,870093
,KZ5a4 - Greater Kokstad [Kokstad],Kwazulu Natal,2000,12205,12340
,KZ5a6 - Umzimkhulu [Umzimkulu],Kwazulu Natal,2000,72702,52775
,KZ5a1 - Ingwe [Creighton],Kwazulu Natal,2000,307,690
,KZ5a2 - Kwa Sani [Underberg],Kwazulu Natal,2000,1241,2518
,KZ5a5 - Ubuhlebezwe [Ixopo],Kwazulu Natal,2000,2248,3394
ETH,eThekwini [Durban Metro],Kwazulu Natal,2000,1625771,1138863
KZ211,Vulamehlo [Dududu],Kwazulu Natal,2000,0,0
KZ212,Umdoni [Scottburgh],Kwazulu Natal,2000,16108,13182
KZ213,Umzumbe [Umzumbe],Kwazulu Natal,2000,274533,223643
KZ214,UMuziwabantu [Harding],Kwazulu Natal,2000,1840,2585
KZ215,Ezinqoleni [Izinqolweni],Kwazulu Natal,2000,0,0
KZ216,Hibiscus Coast [Port Shepstone],Kwazulu Natal,2000,44196,34864
KZ221,uMshwathi [Wartburg],Kwazulu Natal,2000,2993,3494
KZ222,uMngeni [Howick],Kwazulu Natal,2000,26187,20748
KZ223,Mooi Mpofana [Mooirivier],Kwazulu Natal,2000,5075,5321
KZ224,Impendle [Impendle],Kwazulu Natal,2000,351148,236698
KZ225,Msunduzi [Pietermaritzburg],Kwazulu Natal,2000,238095,161353
KZ226,Mkhambathini [Camperdown],Kwazulu Natal,2000,534,753
KZ227,Richmond [Richmond],Kwazulu Natal,2000,12247,10550
KZ232,Emnambithi/Ladysmith [Ladysmith],Kwazulu Natal,2000,295023,204728
KZ233,Indaka [Waaihoek],Kwazulu Natal,2000,0,0
KZ234,Umtshezi [Estcourt],Kwazulu Natal,2000,16954,14968
KZ235,Okhahlamba [Bergville],Kwazulu Natal,2000,1744,1786
KZ236,Imbabazane [Loskop],Kwazulu Natal,2000,0,0
KZ241,Endumeni [Dundee],Kwazulu Natal,2000,232152,167633
KZ242,Nqutu [Nqutu],Kwazulu Natal,2000,0,0
KZ244,Msinga [Pomeroy],Kwazulu Natal,2000,0,0
KZ245,Umvoti [Greytown],Kwazulu Natal,2000,6981,8601
KZ252,NeWESTERN CAPEastle [Newcastle],Kwazulu Natal,2000,143208,103460
KZ253,Utrecht [Utrecht],Kwazulu Natal,2000,1675,2345
KZ254,Dannhauser [Durnacol],Kwazulu Natal,2000,2591,1996
KZ261,eDumbe [Paulpietersburg],Kwazulu Natal,2000,4579,3031
KZ262,UPhongolo [Pongola],Kwazulu Natal,2000,8079,6408
KZ263,Abaqulusi [Vryheid],Kwazulu Natal,2000,290583,236359
KZ265,Nongoma [Nongoma],Kwazulu Natal,2000,317,5446
KZ266,Ulundi [Ulundi],Kwazulu Natal,2000,12289,8347
KZ271,Umhlabuyalingana [Emangusi],Kwazulu Natal,2000,0,0
KZ272,Jozini [Mkuze],Kwazulu Natal,2000,0,0
KZ273,The Big 5 False Bay [Hluhluwe],Kwazulu Natal,2000,0,0
KZ274,Hlabisa [Somkele],Kwazulu Natal,2000,576607,463920
KZ275,Mtubatuba [Mtubatuba],Kwazulu Natal,2000,5830,8058
KZ281,Mbonambi [KwaMbonambi],Kwazulu Natal,2000,0,0
KZ282,uMhlathuze [Richards Bay],Kwazulu Natal,2000,62347,51625
KZ283,Ntambana [Ntambana],Kwazulu Natal,2000,0,0
KZ284,uMlalazi [Eshowe],Kwazulu Natal,2000,9283,10341
KZ285,Mthonjaneni [Melmoth],Kwazulu Natal,2000,2410,3291
KZ286,Nkandla [Nkandla],Kwazulu Natal,2000,0,0
KZ291,eNdondakusuka [Mandeni],Kwazulu Natal,2000,14260,12968
KZ292,KwaDukuza [Stanger],Kwazulu Natal,2000,37048,48170
KZ293,Ndwedwe [Ndwedwe],Kwazulu Natal,2000,348364,203377
KZ294,Maphumulo [Maphumulo],Kwazulu Natal,2000,0,0
KZDMA22,Highmoor/Kamberg Park,Kwazulu Natal,2000,0,0
KZDMA23,Gaints Castle Game Reserve,Kwazulu Natal,2000,0,0
KZDMA27,St Lucia Park,Kwazulu Natal,2000,0,0
KZDMA43,Mkhomazi Wilderness area,Kwazulu Natal,2000,0,0
MP301,Albert Luthuli [Elukwatini/Carolina],Mpumalanga,2000,81158,71076
MP302,Msukaligwa [Ermelo],Mpumalanga,2000,69072,55221
MP303,Mkhondo [Piet Retief],Mpumalanga,2000,40068,36469
MP304,Pixley Ka Seme [Volksrust],Mpumalanga,2000,50813,41553
MP305,Lekwa [Standerton],Mpumalanga,2000,54313,43769
MP306,Dipaleseng [Balfour],Mpumalanga,2000,22806,16832
MP307,Govan Mbeki [Highveld Ridge],Mpumalanga,2000,130497,111615
MP311,Delmas [Delmas],Mpumalanga,2000,30866,22228
MP312,Emalahleni [Witbank],Mpumalanga,2000,152650,131400
MP313,Steve Tshwete [Middelburg],Mpumalanga,2000,83883,80510
MP314,Highlands [Belfast],Mpumalanga,2000,20588,19927
MP315,Thembisile [KwaMhlanga],Mpumalanga,2000,126119,98845
MP316,Dr JS Moroka [Mdutjana],Mpumalanga,2000,129945,101456
MP321,Thaba Chweu [Sabie],Mpumalanga,2000,50424,38926
MP322,Mbombela [Nelspruit],Mpumalanga,2000,158223,130563
MP323,Umjindi [Barberton],Mpumalanga,2000,30183,20957
MP324,Nkomazi [Nkomazi],Mpumalanga,2000,132883,101101
MP325,Bushbuckridge [Bushbuckridge],Mpumalanga,2000,263997,165951
MPDMA32,Kruger Park,Mpumalanga,2000,0,0
NW371,Moretele [Temba],North West,2000,0,0
NW372,Madibeng [Brits],North West,2000,339506,283384
NW373,Rustenburg [Rustenburg],North West,2000,110034,91882
NW374,Kgetlengrivier [Koster],North West,2000,231589,186611
NW375,Moses Kotane [Mogwase],North West,2000,10343,6994
NW381,Ratlou [Setlagole],North West,2000,0,0
NW382,Tswaing [Delareyville],North West,2000,12643,17048
NW383,Mafikeng [Mafikeng],North West,2000,30932,24038
NW384,Ditsobotla [Lichtenburg],North West,2000,312305,246002
NW385,Ramotshere Moiloa [Zeerust],North West,2000,9776,10301
NW391,Kagisano [Ganyesa],North West,2000,207691,151643
NW392,Naledi [Vryburg],North West,2000,22104,20192
NW393,Mamusa [Schweizer-Reneke],North West,2000,14480,14158
NW394,Greater Taung [Reivilo],North West,2000,3674,3127
NW395,Molopo [Pomfret],North West,2000,0,0
NW396,Lekwa-Teemane [Christiana],North West,2000,8015,15845
NW401,Ventersdorp [Ventersdorp],North West,2000,7983,7661
NW402,Potchefstroom [Potchefstroom],North West,2000,66918,64180
NW403,Matlosana [Klerksdorp],North West,2000,204656,154706
NW404,Maquassi Hills [Wolmaransstad],North West,2000,84040,52697
NW405,Merafong City [Carletonville],North West,2000,150036,86369
NC061,RICHTERSVELD [Port Nolloth],Northern Cape,2000,8259,6606
NC062,NAMA KHOI [Springbok],Northern Cape,2000,25466,21622
NC064,KAMIESBERG [Garies],Northern Cape,2000,5210,3833
NC065,HANTAM [Calvinia],Northern Cape,2000,11901,9237
NC066,KAROO HOOGLAND [Fraserburg],Northern Cape,2000,7851,5480
NC067,KHâI-MA [Pofadder],Northern Cape,2000,4803,4283
NC071,UBUNTU [Victoria West],Northern Cape,2000,9385,7303
NC072,UMSOBOMVU [Colesberg],Northern Cape,2000,13477,11730
NC073,EMTHANJENI [De Aar],Northern Cape,2000,18935,16538
NC074,KAREEBERG [Carnarvon],Northern Cape,2000,6155,5068
NC075,RENOSTERBERG [Phillipstown],Northern Cape,2000,6241,5026
NC076,THEMBELIHLE [Hopetown],Northern Cape,2000,8602,6223
NC077,SIYATHEMBA [Prieska],Northern Cape,2000,8491,7383
NC078,SIYANCUMA [Griekwastad],Northern Cape,2000,9771,11131
NC081,MIER [Mier],Northern Cape,2000,6159,4086
NC082,KAI !GARIB [Keimoes],Northern Cape,2000,36868,25034
NC083,KHARA HAIS [Upington],Northern Cape,2000,38976,29271
NC084,!KHEIS [Groblershoop],Northern Cape,2000,6464,4846
NC085,TSANTSABANE [Postmasburg],Northern Cape,2000,16738,15678
NC086,KGATELOPELE [Danielskuil],Northern Cape,2000,8337,7507
NC091,Sol Plaatje [Kimberley],Northern Cape,2000,119121,95496
NC092,Dikgatlong [Barkley West],Northern Cape,2000,15014,15506
NC093,Magareng [Warrenton],Northern Cape,2000,10101,9026
NC094,Phokwane [Hartswater],Northern Cape,2000,35072,25410
NC451,MOSHAWENG [Kgalagadi],Northern Cape,2000,0,0
NC452,GA-SEGONYANA [Kuruman],Northern Cape,2000,11841,10328
NC453,GAMAGARA [Kathu],Northern Cape,2000,7976,8129
NCDMA06,Namaqualand,Northern Cape,2000,2638,685
NCDMA07,Bo Karoo,Northern Cape,2000,6674,2607
NCDMA08,Benede,Northern Cape,2000,4539,1506
NCDMA09,Diamondfields,Northern Cape,2000,17594,9159
NCDMA45,Kalahari CBDC,Northern Cape,2000,3763,2446
,NP03a5 - Greater Groblersdal [Groblersdal],Northern Province,2000,86307,67602
,NP03a4 - Greater Marble Hall [Marble Hall],Northern Province,2000,62714,63562
,NP03A2 - Makhuduthamaga [Ngwaritsi],Northern Province,2000,143150,107469
,NP03a6 - Greater Tubatse [Burgersfort/Ohrigstad/Eastern Tubatse],Northern Province,2000,75918,74334
,NP03A3 - Fetakgomo [Fetakgomo ],Northern Province,2000,58529,41396
,NPDMA33,Northern Province,2000,305015,246905
NP331,Greater Giyani [Giyani],Northern Province,2000,0,0
NP332,Greater Letaba [Duiwelskloof],Northern Province,2000,131950,106164
NP333,Greater Tzaneen [Tzaneen],Northern Province,2000,84989,69310
NP334,Ba-Phalaborwa [Phalaborwa],Northern Province,2000,73105,55114
NP335,Maruleng [Hoedspruit],Northern Province,2000,40671,31440
NP341,Musina [Messina],Northern Province,2000,81478,65308
NP342,Mutale [Mutale-Masisi],Northern Province,2000,62299,42004
NP343,Thulamela [Thohoyandou],Northern Province,2000,129437,93198
NP344,Makhado [Louis Trichardt],Northern Province,2000,195309,153254
NP351,Blouberg [Bochum/My Darling],Northern Province,2000,48165,33183
NP352,Aganang [Moletji/Matlala],Northern Province,2000,106828,80123
NP353,Molemole [Dendron/Dikgale],Northern Province,2000,73285,49527
NP354,Polokwane [Pietersburg],Northern Province,2000,176199,142561
NP355,Lepele-Nkumpi [Lebowakgomo],Northern Province,2000,96149,72249
NP361,Thabazimbi [Thabazimbi],Northern Province,2000,35756,24755
NP362,Lephalale [Ellisras],Northern Province,2000,64965,50968
NP364,Mookgopong [Naboomspruit],Northern Province,2000,9504,12023
NP365,Modimolle [Nylstroom],Northern Province,2000,29370,19567
NP366,Bela-Bela [Warmbad],Northern Province,2000,35295,23150
NP367,Mogalakwena [Potgietersrus],Northern Province,2000,106603,91898
,WESTERN CAPE024 - Stellenbosch [Stellenbosch],Western Cape,2000,58439,49581
,WESTERN CAPE023 - Drakenstein [Paarl],Western Cape,2000,117369,98456
,WESTERN CAPE032 - Overstrand [Greater Hermanus],Western Cape,2000,22910,23692
,WESTERN CAPE031 - Theewaterskloof [Caledon],Western Cape,2000,43603,30719
,WESTERN CAPE025 - Breede Valley [Worcester],Western Cape,2000,75562,57860
,WESTERN CAPE033 - Cape Agulhas [Bredasdorp],Western Cape,2000,14580,11634
,WESTERN CAPE034 - Swellendam [Barrydale/Swellendam ],Western Cape,2000,13204,10606
,WESTERN CAPE026 - Breede River/Winelands [Robertson],Western Cape,2000,38738,26317
,WESTERN CAPEDMA03 [Overberg DC],Western Cape,2000,0,0
,WESTERN CAPE042 - Hessequa [Heidelberg/Riversdale],Western Cape,2000,23881,18690
,WESTERN CAPE041 - Kannaland [Ladismith],Western Cape,2000,10585,8314
,WESTERN CAPE043 - Mossel Bay [Mossel Bay],Western Cape,2000,35159,29228
,WESTERN CAPE045 - Oudtshoorn [Oudtshoorn],Western Cape,2000,42406,31923
,WESTERN CAPE044 - George [George],Western Cape,2000,65125,55723
,WESTERN CAPE048 - Knysna [Knysna],Western Cape,2000,22825,19560
,WESTERN CAPEDMA04 [South Cape DC],Western Cape,2000,7611,5487
,WESTERN CAPE047 - Bitou [Greater Plettenberg Bay],Western Cape,2000,10338,11385
,WESTERN CAPE014 - Saldanha Bay [West Coast Peninsula],Western Cape,2000,30574,26108
,WESTERN CAPE015 - Swartland [Malmesbury],Western Cape,2000,38051,26900
,WESTERN CAPE013 - Bergrivier [Velddrif],Western Cape,2000,22340,15780
,WESTERN CAPE011 - Matzikama [Vredendal],Western Cape,2000,21380,15334
,WESTERN CAPEDMA01 [West Coast DC],Western Cape,2000,3517,2279
,WESTERN CAPE022 - Witzenberg [Ceres],Western Cape,2000,17549,13706
,WESTERN CAPE012 - Cederberg [Citrusdal],Western Cape,2000,17124,12849
,WESTERN CAPEDMA02 [Brede River DC],Western Cape,2000,21902,13946
,WESTERN CAPE051,Western Cape,2000,3403,2666
,WESTERN CAPE052,Western Cape,2000,5033,4036
,WESTERN CAPE053 - Beaufort West [Beaufort West],Western Cape,2000,3516,2513
,WESTERN CAPEDMA05 [Central Karoo DC],Western Cape,2000,17721,15113
CPT,City of Cape Town [Cape Town],Western Cape,2000,1512569,1223614
EC05b2,Umzimvubu,EASTERN CAPE,2006,97953.6444,83703
EC05b3,Matatiele,EASTERN CAPE,2006,84594.9952,85325
EC125,Buffalo City,EASTERN CAPE,2006,431984.3128,358460
EC151,Mbizana,EASTERN CAPE,2006,115061.9093,104718
EC152,Ntabankulu,EASTERN CAPE,2006,65180.5438,60433
ECDMA10,,EASTERN CAPE,2006,4772.7492,2430
ECDMA13,,EASTERN CAPE,2006,57.6036,40
EC101,Camdeboo,Eastern Cape,2006,25565.139,21100
EC102,Blue Crane Route,Eastern Cape,2006,21308.3175,17453
EC103,Ikwezi,Eastern Cape,2006,6073.4215,5539
EC104,Makana,Eastern Cape,2006,45257.2169,43059
EC105,Ndlambe,Eastern Cape,2006,34279.1422,29895
EC106,Sunday's River Valley,Eastern Cape,2006,24587.5477,23575
EC107,Baviaans,Eastern Cape,2006,9000.3515,7572
EC108,Kouga,Eastern Cape,2006,43235.2475,39395
EC109,Kou-Kamma,Eastern Cape,2006,20507.7112,16334
EC121,Mbhashe,Eastern Cape,2006,125369.6117,100465
EC122,Mnquma,Eastern Cape,2006,150767.7838,120953
EC123,Great Kei,Eastern Cape,2006,25940.8146,21025
EC124,Amahlathi,Eastern Cape,2006,79774.287,66240
EC126,Ngqushwa,Eastern Cape,2006,48970.561,43660
EC127,Nkonkobe,Eastern Cape,2006,75536.6666,68826
EC128,Nxuba,Eastern Cape,2006,14936.0253,13164
EC131,Inxuba Yethemba,Eastern Cape,2006,36326.1566,29318
EC132,Tsolwana,Eastern Cape,2006,18242.8051,16449
EC133,Inkwanca,Eastern Cape,2006,11650.9512,10003
EC134,Lukanji,Eastern Cape,2006,107196.9328,86870
EC135,Intsika Yethu,Eastern Cape,2006,88754.6025,78899
EC136,Emalahleni,Eastern Cape,2006,65822.5317,57910
EC137,Engcobo,Eastern Cape,2006,72813.4362,59915
EC138,Sakhisizwe,Eastern Cape,2006,32894.9865,26015
EC141,Elundini,Eastern Cape,2006,70410.7825,55908
EC142,Senqu,Eastern Cape,2006,73533.8986,61368
EC143,Maletswai,Eastern Cape,2006,20570.3238,18618
EC144,Gariep,Eastern Cape,2006,17992.3546,15125
EC153,Qaukeni,Eastern Cape,2006,120666.9887,110610
EC154,Port St Johns,Eastern Cape,2006,67644.9754,62420
EC155,Nyandeni,Eastern Cape,2006,131384.5948,108512
EC156,Mhlontlo,Eastern Cape,2006,100500.7247,84347
EC157,King Sabata Dalindyebo,Eastern Cape,2006,207201.766,178964
NMA,Nelson Mandela,Eastern Cape,2006,625051.4944,513491
FS171,Naledi,FREE STATE,2006,15100.3461,12677
FS172,Mangaung,FREE STATE,2006,369060.9936,343594
FS173,Mantsopa,FREE STATE,2006,30195.9851,25809
FSDMA19,,FREE STATE,2006,95.7108,149
FS161,Letsemeng,Free State,2006,23018.4567,16521
FS162,Kopanong,Free State,2006,26214.5711,23771
FS163,Mohokare,Free State,2006,18381.9726,16469
FS181,Masilonyana,Free State,2006,36471.3211,31987
FS182,Tokologo,Free State,2006,17613.9324,12234
FS183,Tswelopele,Free State,2006,28091.9156,22361
FS184,Matjhabeng,Free State,2006,234771.6267,200816
FS185,Nala,Free State,2006,53790.2758,40051
FS191,Setsoto,Free State,2006,65503.0858,55545
FS192,Dihlabeng,Free State,2006,67089.3753,61684
FS193,Nketoana,Free State,2006,33247.7487,29154
FS194,Maluti a Phofung,Free State,2006,192534.1196,168286
FS195,Phumelela,Free State,2006,26927.6953,23311
FS201,Moqhaka,Free State,2006,91501.1307,82195
FS203,Ngwathe,Free State,2006,66726.9293,62766
FS204,Metsimaholo,Free State,2006,65638.0224,62063
FS205,Mafube,Free State,2006,30793.7855,26965
GT02b1,Nokeng tsa Taemane,GAUTENG,2006,31599.6312,26723
GT02b2,Kungwini,GAUTENG,2006,68907.0627,50854
GTDMA48,West Rand,GAUTENG,2006,3819.7828,3110
EKU,Ekurhuleni Metropolitan,Gauteng,2006,1618976.2848,1240348
GT421,Emfuleni,Gauteng,2006,427676.7071,319623
GT422,Midvaal,Gauteng,2006,37653.1248,38552
GT423,Lesedi,Gauteng,2006,47468.9286,39521
GT481,Mogale City,Gauteng,2006,186913.7316,148503
GT482,Randfontein,Gauteng,2006,81537.3078,66415
GT483,Westonaria,Gauteng,2006,72747.4327,48255
JHB,City of Johannesburg,Gauteng,2006,2113234.5591,1739292
TSH,City of Tshwane,Gauteng,2006,1279608.3577,1064759
KZ211,Vulamehlo,KWAZULU NATAL,2006,37815.5058,35840
KZ212,Umdoni,KWAZULU NATAL,2006,32713.3057,32452
KZ213,Umzumbe,KWAZULU NATAL,2006,86078.4764,68248
KZ214,UMuziwabantu,KWAZULU NATAL,2006,37662.784,34116
KZ215,Ezingoleni,KWAZULU NATAL,2006,24670.6722,20629
KZ216,Hibiscus Coast,KWAZULU NATAL,2006,107854.6036,105589
KZ221,uMshwathi,KWAZULU NATAL,2006,51546.8487,40743
KZ222,uMngeni,KWAZULU NATAL,2006,40008.8209,36708
KZ223,Mooi Mpofana,KWAZULU NATAL,2006,18750.3705,13869
KZ224,KZ224,KWAZULU NATAL,2006,14860.6241,12626
KZ225,The Msunduzi,KWAZULU NATAL,2006,287380.206,233512
KZ226,Mkhambathini,KWAZULU NATAL,2006,28207.6528,25049
KZ227,Richmond,KWAZULU NATAL,2006,29904.8011,25240
KZ232,Emnambithi/Ladysmith,KWAZULU NATAL,2006,109890.1779,88847
KZ233,Indaka,KWAZULU NATAL,2006,46976.6654,36761
KZ234,Umtshezi,KWAZULU NATAL,2006,29260.2146,29022
KZ235,Okhahlamba  (KZ235),KWAZULU NATAL,2006,45389.9359,47521
KZ236,Imbabazane  (KZ236),KWAZULU NATAL,2006,52059.5065,43054
KZ241,Endumeni,KWAZULU NATAL,2006,25787.0474,21425
KZ242,KZ242,KWAZULU NATAL,2006,70744.6297,58210
KZ244,Msinga,KWAZULU NATAL,2006,67291.5386,64284
KZ245,Umvoti,KWAZULU NATAL,2006,42521.9198,39418
KZ252,Newcastle,KWAZULU NATAL,2006,163042.3984,126693
KZ253,Utrecht,KWAZULU NATAL,2006,13644.5854,10880
KZ254,Dannhauser  (KZ254),KWAZULU NATAL,2006,45983.6149,35692
KZ261,eDumbe,KWAZULU NATAL,2006,35147.5341,26879
KZ262,UPhongolo,KWAZULU NATAL,2006,50730.8982,45135
KZ263,Abaqulusi,KWAZULU NATAL,2006,78957.1932,72076
KZ265,Nongoma  (KZ265),KWAZULU NATAL,2006,79226.7865,72517
KZ266,Ulundi,KWAZULU NATAL,2006,81615.1267,75086
KZ271,Umhlabuyalingana,KWAZULU NATAL,2006,59297.6615,53047
KZ272,Jozini,KWAZULU NATAL,2006,75278.9627,64953
KZ273,The Big 5 False Bay,KWAZULU NATAL,2006,13126.1915,13323
KZ274,Hlabisa,KWAZULU NATAL,2006,74556.2227,70410
KZ275,Mtubatuba,KWAZULU NATAL,2006,16522.6392,17431
KZ281,Mbonambi,KWAZULU NATAL,2006,41289.3902,47494
KZ282,uMhlathuze,KWAZULU NATAL,2006,142129.5439,122237
KZ283,Ntambanana,KWAZULU NATAL,2006,37188.1274,29422
KZ284,uMlalazi,KWAZULU NATAL,2006,98341.3951,92304
KZ285,Mthonjaneni,KWAZULU NATAL,2006,22928.3526,20466
KZ286,Nkandla,KWAZULU NATAL,2006,56655.5019,47049
KZ291,eNdondakusuka,KWAZULU NATAL,2006,56938.0015,56283
KZ292,KwaDukuza,KWAZULU NATAL,2006,80303.7265,77353
KZ293,Ndwedwe,KWAZULU NATAL,2006,67458.6005,63990
KZ294,Maphumulo,KWAZULU NATAL,2006,50961.7734,40972
KZ5a1,Ingwe,KWAZULU NATAL,2006,45539.7895,38340
KZ5a2,Kwa Sani,KWAZULU NATAL,2006,7233.8529,7255
KZ5a4,Greater Kokstad,KWAZULU NATAL,2006,22487.3953,25163
KZ5a5,Ubuhlebezwe,KWAZULU NATAL,2006,44225.5212,40413
KZ5a6,Umzimkhulu,KWAZULU NATAL,2006,84112.0873,69922
KZDMA22,,KWAZULU NATAL,2006,14.3401,63
KZDMA23,,KWAZULU NATAL,2006,481.8267,391
KZDMA27,,KWAZULU NATAL,2006,4940.1573,2290
KZDMA43,,KWAZULU NATAL,2006,475.3736,202
ETH,Ethekwini,KwaZulu-Natal,2006,1624003.2134,1385923
MPDMA32,,MPUMALANGA,2006,2346.2161,2492
MP301,Albert Luthuli,Mpumalanga,2006,100613.0391,80338
MP302,Msukaligwa,Mpumalanga,2006,69953.3136,56649
MP303,Mkhondo,Mpumalanga,2006,73953.868,57492
MP304,Seme,Mpumalanga,2006,44415.8818,33947
MP305,Lekwa,Mpumalanga,2006,61421.0359,46336
MP306,Dipaleseng,Mpumalanga,2006,22990.9201,18892
MP307,Highveld East,Mpumalanga,2006,131167.736,120834
MP311,Delmas,Mpumalanga,2006,33857.0698,25236
MP312,Emalahleni,Mpumalanga,2006,160136.6741,149252
MP313,Middelburg,Mpumalanga,2006,79968.0434,85755
MP314,Highlands,Mpumalanga,2006,25181.8843,22683
MP315,Thembisile,Mpumalanga,2006,144415.1065,117520
MP316,Dr JS Moroka,Mpumalanga,2006,135700.3203,111877
MP321,Thaba Chweu,Mpumalanga,2006,51647.3552,41720
MP322,Mbombela,Mpumalanga,2006,275341.7934,222247
MP323,Umjindi,Mpumalanga,2006,33254.447,26610
MP324,Nkomazi,Mpumalanga,2006,176052.8027,127999
MP325,Bushbuckridge,Mpumalanga,2006,278973.3764,198852
NW391,Kagisano,NORTH WEST,2006,44194.0218,42901
NW395,Molopo,NORTH WEST,2006,6384.7448,4719
NW405,Merafong City,NORTH WEST,2006,140378.0892,89026
NCDMA06,,NORTHERN CAPE,2006,570.6365,568
NCDMA07,,NORTHERN CAPE,2006,2097.2403,1229
NCDMA08,,NORTHERN CAPE,2006,6089.0972,2627
NCDMA09,,NORTHERN CAPE,2006,3238.513,1777
NCDMA45,,NORTHERN CAPE,2006,3945.9636,3205
NP03a2,Makhuduthamaga,NORTHERN PROVINCE,2006,146943.9753,111628
NP03a3,Fetakgomo,NORTHERN PROVINCE,2006,52876.3505,38424
NP03a4,Greater Marble Hall,NORTHERN PROVINCE,2006,66017.3261,51936
NP03a5,Greater Groblersdal,NORTHERN PROVINCE,2006,118134.727,105334
NP03a6,Greater Tubatse,NORTHERN PROVINCE,2006,141521.6563,114979
NP331,Greater Giyani,NORTHERN PROVINCE,2006,135233.1364,103711
NP332,Greater Letaba,NORTHERN PROVINCE,2006,118960.5176,89929
NP333,Greater Tzaneen,NORTHERN PROVINCE,2006,221380.6715,165259
NP334,Ba-Phalaborwa,NORTHERN PROVINCE,2006,79791.5897,53474
NP335,Maruleng,NORTHERN PROVINCE,2006,55138.8389,42302
NP341,Musina,NORTHERN PROVINCE,2006,23143.8119,18059
NP342,Mutale,NORTHERN PROVINCE,2006,45560.7566,39339
NP343,Thulamela,NORTHERN PROVINCE,2006,329044.3885,250755
NP344,Makhado,NORTHERN PROVINCE,2006,279782.1311,217641
NP351,Blouberg,NORTHERN PROVINCE,2006,86200.9001,63772
NP352,Aganang,NORTHERN PROVINCE,2006,82124.9246,61677
NP353,Molemole,NORTHERN PROVINCE,2006,64419.7337,42212
NP354,Polokwane,NORTHERN PROVINCE,2006,304141.3747,217472
NP355,Lepele-Nkumpi,NORTHERN PROVINCE,2006,129815.6774,91460
NP361,Thabazimbi,NORTHERN PROVINCE,2006,39903.1555,32677
NP362,Lephalale,NORTHERN PROVINCE,2006,59804.5886,40225
NP364,Mookgopong,NORTHERN PROVINCE,2006,17519.3337,13249
NP365,Modimolle,NORTHERN PROVINCE,2006,39838.7498,26180
NP366,Bela-Bela,NORTHERN PROVINCE,2006,29853.99,25152
NP367,Mogalakwena,NORTHERN PROVINCE,2006,174391.0233,128340
NPDMA33,,NORTHERN PROVINCE,2006,750.7892,862
NW371,Moretele,North West,2006,101975.8804,87704
NW372,Local Municipality of Madibeng,North West,2006,200344.4864,181972
NW373,Rustenburg,North West,2006,234773.1713,201225
NW374,Kgetlengrivier,North West,2006,21642.0099,18756
NW375,Moses Kotane,North West,2006,133644.2801,118626
NW381,Setla-Kgobi,North West,2006,52685.1923,44349
NW382,Tswaing,North West,2006,59713.9763,49854
NW383,Mafikeng,North West,2006,146375.3074,118963
NW384,Lichtenburg,North West,2006,74461.4113,69210
NW385,Zeerust,North West,2006,76121.0192,63108
NW392,Naledi,North West,2006,30491.6164,29688
NW393,Schweizer-Reneke,North West,2006,26551.2747,22998
NW394,Greater Taung,North West,2006,95522.3945,85939
NW396,Lekwa-Teemane,North West,2006,22604.3862,20805
NW401,Ventersdorp,North West,2006,25078.2497,18951
NW402,Potchefstroom,North West,2006,79799.4898,79073
NW403,City Council of Klerksdorp,North West,2006,216866.9165,173537
NW404,Maquassi Hills,North West,2006,37287.1715,33460
NC061,Richtersveld,Northern Cape,2006,6451.9146,6929
NC062,Nama Khoi,Northern Cape,2006,28412.3236,25779
NC064,Kamiesberg,Northern Cape,2006,6709.0906,6494
NC065,Hantam,Northern Cape,2006,12161.7421,10826
NC066,Karoo Hoogland,Northern Cape,2006,6551.4946,6484
NC067,Khâi-Ma,Northern Cape,2006,7116.0696,6104
NC071,Ubuntu,Northern Cape,2006,9757.1029,8640
NC072,Umsobomvu,Northern Cape,2006,14040.7724,13584
NC073,Emthanjeni,Northern Cape,2006,21734.4057,21157
NC074,Kareeberg,Northern Cape,2006,5707.2298,6609
NC075,Renosterberg,Northern Cape,2006,5451.7856,5980
NC076,Thembelihle,Northern Cape,2006,8425.3294,7397
NC077,Siyathemba,Northern Cape,2006,10332.0689,10145
NC078,Siyancuma,Northern Cape,2006,18729.689,16329
NC081,Mier,Northern Cape,2006,3814.3449,4098
NC082,Kai !Garib,Northern Cape,2006,28666.902,25421
NC083,//Khara Hais,Northern Cape,2006,45202.3684,40933
NC084,!Kheis,Northern Cape,2006,9427.1902,7719
NC085,Tsantsabane,Northern Cape,2006,14536.0744,13540
NC086,Kgatelopele,Northern Cape,2006,8959.5974,8642
NC091,Sol Plaatjie,Northern Cape,2006,126222.3446,111413
NC092,Dikgatlong,Northern Cape,2006,21728.3443,19602
NC093,Magareng,Northern Cape,2006,12999.0796,11400
NC094,Phokwane,Northern Cape,2006,37427.3393,29543
NC451,Moshaweng,Northern Cape,2006,47590.5552,42612
NC452,Ga-Segonyana,Northern Cape,2006,40832.1076,37205
NC453,Gamagara,Northern Cape,2006,13490.918,14666
WCDMA01,,WESTERN CAPE,2006,2404.5135,2142
WCDMA02,,WESTERN CAPE,2006,3943.7665,2564
WCDMA03,,WESTERN CAPE,2006,149.8681,96
WCDMA04,,WESTERN CAPE,2006,8487.8333,5801
WCDMA05,,WESTERN CAPE,2006,3377.4141,3019
CPT,City of Cape Town,Western Cape,2006,1790824.3635,1486781
WC011,Matzikama,Western Cape,2006,30092.8509,22074
WC012,Cederberg,Western Cape,2006,23625.3388,18051
WC013,Bergrivier,Western Cape,2006,26991.1609,20827
WC014,Saldanha Bay,Western Cape,2006,37667.3996,38131
WC015,Swartland,Western Cape,2006,42843.2309,34954
WC022,Witzenberg,Western Cape,2006,49966.5193,37273
WC023,Drakenstein,Western Cape,2006,115456.3924,100552
WC024,Stellenbosch,Western Cape,2006,69944.5159,64460
WC025,Breede Valley,Western Cape,2006,83966.7047,65423
WC026,Breede River/Winelands,Western Cape,2006,47658.0539,34915
WC031,Theewaterskloof,Western Cape,2006,55024.7745,39665
WC032,Overstrand,Western Cape,2006,35678.5424,35584
WC033,Cape Agulhas,Western Cape,2006,16525.2344,14732
WC034,Swellendam,Western Cape,2006,16823.3146,13334
WC041,Kannaland,Western Cape,2006,13810.2207,11553
WC042,Langeberg,Western Cape,2006,27348.8572,24360
WC043,Mossel Bay,Western Cape,2006,45089.5963,40604
WC044,George,Western Cape,2006,82226.2476,68604
WC045,Oudtshoorn,Western Cape,2006,49145.9708,40710
WC047,Plettenberg Bay,Western Cape,2006,18252.4434,19167
WC048,Knysna,Western Cape,2006,32186.8642,27850
WC051,Laingsburg,Western Cape,2006,4013.3185,3697
WC052,Prince Albert,Western Cape,2006,5906.9557,5542
WC053,Beaufort West,Western Cape,2006,21519.7335,18906
BUF,BUF - Buffalo City,Eastern Cape,2011,470855.6708,384910
EC101,Camdeboo,Eastern Cape,2011,32963.1261,23164
EC102,Blue Crane Route,Eastern Cape,2011,23152.1968,17451
EC103,Ikwezi,Eastern Cape,2011,6598.9748,5729
EC104,Makana,Eastern Cape,2011,49173.4736,44876
EC105,Ndlambe,Eastern Cape,2011,37245.4299,32532
EC106,Sundays River Valley,Eastern Cape,2011,26715.1896,25366
EC107,Baviaans,Eastern Cape,2011,9350.135,9321
EC108,Kouga,Eastern Cape,2011,47405.5833,51435
EC109,Kou-Kamma,Eastern Cape,2011,22282.3113,18579
EC121,Mbhashe,Eastern Cape,2011,138067.7864,113875
EC122,Mnquma,Eastern Cape,2011,161964.6922,123140
EC123,Great Kei,Eastern Cape,2011,28185.5591,21302
EC124,Amahlathi,Eastern Cape,2011,86055.1662,63773
EC126,Ngqushwa,Eastern Cape,2011,53208.1457,42100
EC127,Nkonkobe,Eastern Cape,2011,82761.5748,67936
EC128,Nxuba,Eastern Cape,2011,16228.489,12527
EC131,Inxuba Yethemba,Eastern Cape,2011,39532.1674,30238
EC132,Tsolwana,Eastern Cape,2011,19821.4153,16707
EC133,Inkwanca,Eastern Cape,2011,12659.1466,10365
EC134,Lukhanji,Eastern Cape,2011,115072.5136,89443
EC135,Intsika Yethu,Eastern Cape,2011,96278.8149,72149
EC136,Emalahleni,Eastern Cape,2011,68925.9512,58105
EC137,Engcobo,Eastern Cape,2011,79114.224,69485
EC138,Sakhisizwe,Eastern Cape,2011,38333.9206,29165
EC141,Elundini,Eastern Cape,2011,76503.6605,58401
EC142,Senqu,Eastern Cape,2011,79897.0302,62646
EC143,Maletswai,Eastern Cape,2011,22350.342,20032
EC144,Gariep,Eastern Cape,2011,19549.2926,15218
EC153,Ngquza Hill,Eastern Cape,2011,131108.7026,121851
EC154,Port St Johns,Eastern Cape,2011,73498.5191,68019
EC155,Nyandeni,Eastern Cape,2011,142753.7388,118639
EC156,Mhlontlo,Eastern Cape,2011,109197.3852,90368
EC157,King Sabata Dalindyebo,Eastern Cape,2011,225131.6206,194640
EC441,Matatiele,Eastern Cape,2011,91915.2802,89856
EC442,Umzimvubu,Eastern Cape,2011,106429.8976,92039
EC443,Mbizana,Eastern Cape,2011,125018.5972,116717
EC444,Ntabankulu,Eastern Cape,2011,70820.8321,59964
NMA,NMA - Nelson Mandela Bay,Eastern Cape,2011,679139.2698,569470
FS161,Letsemeng,Free State,2011,28168.0237,18043
FS162,Kopanong,Free State,2011,32079.1558,25159
FS163,Mohokare,Free State,2011,22494.29,17773
FS164,Naledi,Free State,2011,18478.5154,13054
FS181,Masilonyana,Free State,2011,44630.4916,31884
FS182,Tokologo,Free State,2011,21554.4279,12405
FS183,Tswelopele,Free State,2011,34376.49,24198
FS184,Matjhabeng,Free State,2011,287293.489,203593
FS185,Nala,Free State,2011,65823.9509,39223
FS191,Setsoto,Free State,2011,80157.0886,57669
FS192,Dihlabeng,Free State,2011,82281.7391,66738
FS193,Nketoana,Free State,2011,40685.7586,28978
FS194,Maluti a Phofung,Free State,2011,235606.8312,176579
FS195,Phumelela,Free State,2011,33800.4764,24579
FS196,Mantsopa,Free State,2011,36951.2706,27157
FS201,Moqhaka,Free State,2011,111971.2782,81617
FS203,Ngwathe,Free State,2011,81654.7239,64316
FS204,Metsimaholo,Free State,2011,80322.2125,72068
FS205,Mafube,Free State,2011,36834.1479,28798
MAN,MAN - Mangaung,Free State,2011,451625.3609,372690
EKU,EKU - Ekurhuleni,Gauteng,2011,1782513.2643,1424392
GT421,Emfuleni,Gauteng,2011,470426.5413,342715
GT422,Midvaal,Gauteng,2011,42365.0943,47956
GT423,Lesedi,Gauteng,2011,50506.9705,44483
GT481,Mogale City,Gauteng,2011,209798.9111,175799
GT482,Randfontein,Gauteng,2011,89687.6381,74370
GT483,Westonaria,Gauteng,2011,80019.142,51862
GT484,Merafong City,Gauteng,2011,172266.4337,94546
JHB,JHB - City of Johannesburg,Gauteng,2011,2297012.5379,2010122
TSH,TSH - Tshwane Metro,Gauteng,2011,1518068.9983,1326426
ETH,ETH - eThekwini,KwaZulu-Natal,2011,2040996.7499,1666548
KZN211,Vulamehlo,KwaZulu-Natal,2011,47525.3521,37839
KZN212,Umdoni,KwaZulu-Natal,2011,41113.0655,38411
KZN213,Umzumbe,KwaZulu-Natal,2011,108180.753,73021
KZN214,UMuziwabantu,KwaZulu-Natal,2011,47333.416,37819
KZN215,Ezinqoleni,KwaZulu-Natal,2011,31005.3339,23343
KZN216,Hibiscus Coast,KwaZulu-Natal,2011,135548.3127,124629
KZN221,uMshwathi,KwaZulu-Natal,2011,64782.4769,49540
KZN222,uMngeni,KwaZulu-Natal,2011,50281.8423,44832
KZN223,Mooi Mpofana,KwaZulu-Natal,2011,23644.9394,15870
KZN224,Impendle,KwaZulu-Natal,2011,20523.8303,15718
KZN225,Msunduzi,KwaZulu-Natal,2011,361170.5086,282708
KZN226,Mkhambathini,KwaZulu-Natal,2011,35450.5011,28882
KZN227,Richmond,KwaZulu-Natal,2011,37583.4244,28729
KZN232,Emnambithi/Ladysmith,KwaZulu-Natal,2011,138106.5591,99750
KZN233,Indaka,KwaZulu-Natal,2011,59038.8126,40710
KZN234,Umtshezi,KwaZulu-Natal,2011,36198.4209,34836
KZN235,Okhahlamba,KwaZulu-Natal,2011,59373.2475,53300
KZN236,Imbabazane,KwaZulu-Natal,2011,66001.6764,47243
KZN241,Endumeni,KwaZulu-Natal,2011,32408.3595,24499
KZN242,Nqutu,KwaZulu-Natal,2011,88909.6512,65779
KZN244,Msinga,KwaZulu-Natal,2011,84569.9137,75067
KZN245,Umvoti,KwaZulu-Natal,2011,53440.2269,44464
KZN252,Newcastle,KwaZulu-Natal,2011,204906.6175,149136
KZN253,eMadlangeni,KwaZulu-Natal,2011,17148.0907,11587
KZN254,Dannhauser,KwaZulu-Natal,2011,57790.7777,40544
KZN261,eDumbe,KwaZulu-Natal,2011,44172.3282,32274
KZN262,UPhongolo,KwaZulu-Natal,2011,63757.0156,51807
KZN263,Abaqulusi,KwaZulu-Natal,2011,99230.9455,84131
KZN265,Nongoma,KwaZulu-Natal,2011,99569.7622,81552
KZN266,Ulundi,KwaZulu-Natal,2011,102571.3539,83874
KZN271,Umhlabuyalingana,KwaZulu-Natal,2011,74523.4574,65406
KZN272,Jozini,KwaZulu-Natal,2011,94608.26,79143
KZN273,The Big 5 False Bay,KwaZulu-Natal,2011,16794.6431,16239
KZN274,Hlabisa,KwaZulu-Natal,2011,99908.5789,28299
KZN275,Mtubatuba,KwaZulu-Natal,2011,21639.9149,73367
KZN281,Mfolozi,KwaZulu-Natal,2011,59365.0482,59141
KZN282,uMhlathuze,KwaZulu-Natal,2011,178623.9921,154544
KZN283,Ntambana,KwaZulu-Natal,2011,46736.8823,32449
KZN284,uMlalazi,KwaZulu-Natal,2011,123592.408,96727
KZN285,Mthonjaneni,KwaZulu-Natal,2011,28815.6408,22731
KZN286,Nkandla,KwaZulu-Natal,2011,71202.8734,49242
KZN291,Mandeni,KwaZulu-Natal,2011,70639.6807,62397
KZN292,KwaDukuza,KwaZulu-Natal,2011,101841.4562,103240
KZN293,Ndwedwe,KwaZulu-Natal,2011,84779.8719,63889
KZN294,Maphumulo,KwaZulu-Natal,2011,64047.1725,43023
KZN431,Ingwe,KwaZulu-Natal,2011,57232.9916,44137
KZN432,Kwa Sani,KwaZulu-Natal,2011,7841.2563,6959
KZN433,Greater Kokstad,KwaZulu-Natal,2011,33211.1727,36849
KZN434,Ubuhlebezwe,KwaZulu-Natal,2011,55581.2602,45216
KZN435,Umzimkhulu,KwaZulu-Natal,2011,105709.4563,77292
LIM331,Greater Giyani,Limpopo,2011,147603.3068,114705
LIM332,Greater Letaba,Limpopo,2011,129017.5473,100539
LIM333,Greater Tzaneen,Limpopo,2011,240096.3938,174746
LIM334,Ba-Phalaborwa,Limpopo,2011,86537.2428,61478
LIM335,Maruleng,Limpopo,2011,59800.3262,47717
LIM341,Musina,Limpopo,2011,25100.4106,20328
LIM342,Mutale,Limpopo,2011,49412.5042,45021
LIM343,Thulamela,Limpopo,2011,356862.0988,279376
LIM344,Makhado,Limpopo,2011,302066.0884,231136
LIM351,Blouberg,Limpopo,2011,100701.0032,72151
LIM352,Aganang,Limpopo,2011,90178.4688,63103
LIM353,Molemole,Limpopo,2011,69865.8363,45795
LIM354,Polokwane,Limpopo,2011,329853.7617,239953
LIM355,Lepele-Nkumpi,Limpopo,2011,140790.4122,98391
LIM361,Thabazimbi,Limpopo,2011,43943.1812,38916
LIM362,Lephalale,Limpopo,2011,57239.7929,43023
LIM364,Mookgopong,Limpopo,2011,21919.2025,15755
LIM365,Modimolle,Limpopo,2011,40287.9851,29014
LIM366,Bela-Bela,Limpopo,2011,32377.8732,28329
LIM367,Mogalakwena,Limpopo,2011,189134.1982,136587
LIM471,Greater Marble Hall,Limpopo,2011,71598.4904,54570
LIM472,Greater Groblersdal,Limpopo,2011,128121.9436,110684
LIM473,Makhuduthamaga,Limpopo,2011,159366.7517,118568
LIM474,Fetakgomo,Limpopo,2011,57346.565,42435
LIM475,Greater Tubatse,Limpopo,2011,153486.0251,129177
MP301,Albert Luthuli,Mpumalanga,2011,112102.2288,83154
MP302,Msukaligwa,Mpumalanga,2011,77941.4124,62383
MP303,Mkhondo,Mpumalanga,2011,82398.7975,63860
MP304,Pixley Ka Seme,Mpumalanga,2011,49487.8138,34578
MP305,Lekwa,Mpumalanga,2011,68434.818,49204
MP306,Dipaleseng,Mpumalanga,2011,25616.2959,19547
MP307,Govan Mbeki,Mpumalanga,2011,146146.0233,131576
MP311,Delmas,Mpumalanga,2011,37723.2714,28664
MP312,Emalahleni,Mpumalanga,2011,178422.9782,167690
MP313,Steve Tshwete,Mpumalanga,2011,95651.645,98063
MP314,Emakhazeni,Mpumalanga,2011,28057.4505,24500
MP315,Thembisile,Mpumalanga,2011,160906.1357,138008
MP316,Dr JS Moroka,Mpumalanga,2011,151196.1917,118114
MP321,Thaba Chweu,Mpumalanga,2011,57545.0626,45624
MP322,Mbombela,Mpumalanga,2011,306783.584,254137
MP323,Umjindi,Mpumalanga,2011,37051.834,29065
MP324,Nkomazi,Mpumalanga,2011,196156.5991,146959
MP325,Bushbuckridge,Mpumalanga,2011,313614.2443,223189
NW371,Moretele,North West,2011,125140.7634,92702
NW372,Madibeng,North West,2011,245854.8225,203510
NW373,Rustenburg,North West,2011,288104.3414,242432
NW374,Kgetlengrivier,North West,2011,26558.2177,19682
NW375,Moses Kotane,North West,2011,164002.9698,120692
NW381,Ratlou,North West,2011,65610.2261,46722
NW382,Tswaing,North West,2011,73278.6278,50357
NW383,Mafikeng,North West,2011,179625.9825,124092
NW384,Ditsobotla,North West,2011,91376.0959,70278
NW385,Ramotshere Moiloa,North West,2011,93412.7013,65393
NW392,Naledi,North West,2011,36461.0607,29767
NW393,Mamusa,North West,2011,32582.6732,25134
NW394,Greater Taung,North West,2011,117221.3009,86151
NW396,Lekwa-Teemane,North West,2011,27739.2078,22125
NW397,NW397 Local Municipality,North West,2011,62068.2601,49264
NW401,Ventersdorp,North West,2011,30775.0353,19558
NW402,Potchefstroom,North West,2011,97926.7748,88942
NW403,Matlosana,North West,2011,266130.4942,184971
NW404,Maquassi Hills,North West,2011,45757.3407,35127
NC061,RICHTERSVELD,Northern Cape,2011,7994.3907,7096
NC062,NAMA KHOI,Northern Cape,2011,32412.288,27265
NC064,KAMIESBERG,Northern Cape,2011,7653.6147,6938
NC065,HANTAM,Northern Cape,2011,13873.9054,12330
NC066,KAROO HOOGLAND,Northern Cape,2011,7473.8319,6799
NC067,KHâI-MA,Northern Cape,2011,8768.8614,6873
NC071,UBUNTU,Northern Cape,2011,11130.7345,9169
NC072,UMSOBOMVU,Northern Cape,2011,16017.4707,13954
NC073,EMTHANJENI,Northern Cape,2011,24794.2347,22239
NC074,KAREEBERG,Northern Cape,2011,7531.8221,7055
NC075,RENOSTERBERG,Northern Cape,2011,6832.3828,6106
NC076,THEMBELIHLE,Northern Cape,2011,9611.4703,8454
NC077,SIYATHEMBA,Northern Cape,2011,11786.6457,11306
NC078,SIYANCUMA,Northern Cape,2011,23759.0013,18445
NC081,MIER,Northern Cape,2011,4715.0704,4995
NC082,KAI !GARIB,Northern Cape,2011,32702.7065,27649
NC083,KHARA HAIS,Northern Cape,2011,58512.4182,46956
NC084,!KHEIS,Northern Cape,2011,10754.3758,8672
NC085,TSANTSABANE,Northern Cape,2011,16582.5027,16411
NC086,KGATELOPELE,Northern Cape,2011,10220.954,8932
NC091,Sol Plaatje,Northern Cape,2011,143992.2708,121367
NC092,Dikgatlong,Northern Cape,2011,28481.7597,21517
NC093,Magareng,Northern Cape,2011,14829.1255,11765
NC094,Phokwane,Northern Cape,2011,42696.4623,30022
NC451,Joe Morolong,Northern Cape,2011,58791.9707,49517
NC452,GA-SEGONYANA,Northern Cape,2011,46580.5632,43376
NC453,GAMAGARA,Northern Cape,2011,16765.3154,16935
CPT,CPT - City of Cape Town,Western Cape,2011,2000507.614,1745854
WC011,Matzikama,Western Cape,2011,36302.4014,26630
WC012,Cederberg,Western Cape,2011,26391.572,21058
WC013,Bergrivier,Western Cape,2011,30151.49,23213
WC014,Saldanha Bay,Western Cape,2011,43341.2142,47173
WC015,Swartland,Western Cape,2011,47859.6401,42249
WC022,Witzenberg,Western Cape,2011,60222.5095,42208
WC023,Drakenstein,Western Cape,2011,128974.8994,115089
WC024,Stellenbosch,Western Cape,2011,78134.1484,79550
WC025,Breede Valley,Western Cape,2011,93798.161,71849
WC026,Langeberg,Western Cape,2011,53238.219,38275
WC031,Theewaterskloof,Western Cape,2011,61467.491,48092
WC032,Overstrand,Western Cape,2011,39856.0558,45298
WC033,Cape Agulhas,Western Cape,2011,18627.5495,17632
WC034,Swellendam,Western Cape,2011,18793.1154,15909
WC041,Kannaland,Western Cape,2011,15427.2257,13088
WC042,Hessequa,Western Cape,2011,30551.068,27251
WC043,Mossel Bay,Western Cape,2011,50369.027,52146
WC044,George,Western Cape,2011,101335.5711,90601
WC045,Oudtshoorn,Western Cape,2011,54900.3525,47736
WC047,Bitou,Western Cape,2011,21522.8156,24975
WC048,Knysna,Western Cape,2011,35955.5455,36332
WC051,Laingsburg,Western Cape,2011,4483.2282,4150
WC052,Prince Albert,Western Cape,2011,6598.5867,6566
WC053,Beaufort West,Western Cape,2011,27812.2938,23812
BUF,BUF - Buffalo City,Eastern Cape,2016,524632,419044
EC101,Dr. Beyers Naude,Eastern Cape,2016,50170,40887
EC102,Blue Crane Route,Eastern Cape,2016,22353,18372
EC104,Makana,Eastern Cape,2016,54993,46398
EC105,Ndlambe,Eastern Cape,2016,41390,34455
EC106,Sundays River Valley,Eastern Cape,2016,38086,25839
EC108,Kouga,Eastern Cape,2016,71499,58145
EC109,Kou-Kamma,Eastern Cape,2016,26617,20413
EC121,Mbhashe,Eastern Cape,2016,153276,129921
EC122,Mnquma,Eastern Cape,2016,148234,126195
EC123,Great Kei,Eastern Cape,2016,21026,17685
EC124,Amahlathi,Eastern Cape,2016,63573,52945
EC126,Ngqushwa,Eastern Cape,2016,40015,38945
EC129,Raymond Mhlaba,Eastern Cape,2016,104215,82963
EC131,Inxuba Yethemba,Eastern Cape,2016,42488,30907
EC135,Intsika Yethu,Eastern Cape,2016,80921,77938
EC136,Emalahleni,Eastern Cape,2016,65734,61471
EC137,Engcobo,Eastern Cape,2016,77803,73494
EC138,Sakhisizwe,Eastern Cape,2016,34451,30632
EC139,Enoch Mgijima,Eastern Cape,2016,155180,123599
EC141,Elundini,Eastern Cape,2016,78805,63893
EC142,Senqu,Eastern Cape,2016,76637,64675
EC145,Walter Sisulu,Eastern Cape,2016,51287,36607
EC153,Ngquza Hill,Eastern Cape,2016,151088,136794
EC154,Port St Johns,Eastern Cape,2016,82574,75867
EC155,Nyandeni,Eastern Cape,2016,161074,134892
EC156,Mhlontlo,Eastern Cape,2016,104156,96967
EC157,King Sabata Dalindyebo,Eastern Cape,2016,285498,211426
EC441,Matatiele,Eastern Cape,2016,119942,97535
EC442,Umzimvubu,Eastern Cape,2016,113020,103439
EC443,Mbizana,Eastern Cape,2016,156503,131835
EC444,Ntabankulu,Eastern Cape,2016,68264,64137
NMA,NMA - Nelson Mandela Bay,Eastern Cape,2016,804487,609217
FS161,Letsemeng,Free State,2016,27184,19458
FS162,Kopanong,Free State,2016,33712,25908
FS163,Mohokare,Free State,2016,22792,18483
FS181,Masilonyana,Free State,2016,40226,31153
FS182,Tokologo,Free State,2016,18766,13761
FS183,Tswelopele,Free State,2016,29783,26233
FS184,Matjhabeng,Free State,2016,280843,207975
FS185,Nala,Free State,2016,50029,40437
FS191,Setsoto,Free State,2016,72741,59053
FS192,Dihlabeng,Free State,2016,92873,73214
FS193,Nketoana,Free State,2016,41104,30559
FS194,Maluti a Phofung,Free State,2016,219030,185843
FS195,Phumelela,Free State,2016,32247,25832
FS196,Mantsopa,Free State,2016,32946,28376
FS201,Moqhaka,Free State,2016,107199,81069
FS203,Ngwathe,Free State,2016,78315,67877
FS204,Metsimaholo,Free State,2016,111684,79675
FS205,Mafube,Free State,2016,37280,30882
MAN,MAN - Mangaung,Free State,2016,494373,425211
EKU,EKU - Ekurhuleni,Gauteng,2016,2276480,1587116
GT421,Emfuleni,Gauteng,2016,491171,362634
GT422,Midvaal,Gauteng,2016,72234,54978
GT423,Lesedi,Gauteng,2016,73625,48336
GT481,Mogale City,Gauteng,2016,255829,193034
GT484,Merafong City,Gauteng,2016,119789,99964
GT485,Rand West City,Gauteng,2016,168732,136276
JHB,JHB - City of Johannesburg,Gauteng,2016,3058815,2240103
TSH,TSH - Tshwane Metro,Gauteng,2016,2150451,1512381
ETH,ETH - eThekwini,KwaZulu-Natal,2016,2363024,1919724
KZN212,uMdoni,KwaZulu-Natal,2016,83486,71880
KZN213,uMzumbe,KwaZulu-Natal,2016,78691,78227
KZN214,uMuziwabantu,KwaZulu-Natal,2016,50159,46019
KZN216,Ray Nkonyeni,KwaZulu-Natal,2016,206550,170849
KZN221,uMshwathi,KwaZulu-Natal,2016,61991,55846
KZN222,uMngeni,KwaZulu-Natal,2016,65833,51564
KZN223,Mpofana,KwaZulu-Natal,2016,21470,16140
KZN224,iMpendle,KwaZulu-Natal,2016,15512,17015
KZN225,Msunduzi,KwaZulu-Natal,2016,422366,340998
KZN226,Mkhambathini,KwaZulu-Natal,2016,34684,29889
KZN227,Richmond,KwaZulu-Natal,2016,38525,32165
KZN235,Okhahlamba,KwaZulu-Natal,2016,71337,60152
KZN237,iNkosi Langalibalele,KwaZulu-Natal,2016,120991,97033
KZN238,Alfred Duma,KwaZulu-Natal,2016,200084,164357
KZN241,eNdumeni,KwaZulu-Natal,2016,48429,29061
KZN242,Nqutu,KwaZulu-Natal,2016,89516,77097
KZN244,uMsinga,KwaZulu-Natal,2016,88682,85368
KZN245,uMvoti,KwaZulu-Natal,2016,74502,58550
KZN252,Newcastle,KwaZulu-Natal,2016,229789,183353
KZN253,eMadlangeni,KwaZulu-Natal,2016,19880,14331
KZN254,Dannhauser,KwaZulu-Natal,2016,55895,50834
KZN261,eDumbe,KwaZulu-Natal,2016,46796,37780
KZN262,uPhongolo,KwaZulu-Natal,2016,73898,59884
KZN263,AbaQulusi,KwaZulu-Natal,2016,135022,97881
KZN265,Nongoma,KwaZulu-Natal,2016,105507,96207
KZN266,Ulundi,KwaZulu-Natal,2016,107122,95548
KZN271,uMhlabuyalingana,KwaZulu-Natal,2016,88582,79546
KZN272,Jozini,KwaZulu-Natal,2016,101272,95445
KZN275,Mtubatuba,KwaZulu-Natal,2016,105374,90718
KZN276,Big Five Hlabisa,KwaZulu-Natal,2016,61168,54748
KZN281,uMfolozi,KwaZulu-Natal,2016,78071,74341
KZN282,uMhlathuze,KwaZulu-Natal,2016,241586,195576
KZN284,uMlalazi,KwaZulu-Natal,2016,116894,108500
KZN285,Mthonjaneni,KwaZulu-Natal,2016,45795,44562
KZN286,Nkandla,KwaZulu-Natal,2016,53571,57706
KZN291,Mandeni,KwaZulu-Natal,2016,91052,73103
KZN292,KwaDukuza,KwaZulu-Natal,2016,182640,128474
KZN293,Ndwedwe,KwaZulu-Natal,2016,81071,72851
KZN294,Maphumulo,KwaZulu-Natal,2016,48494,49456
KZN433,Greater Kokstad,KwaZulu-Natal,2016,46718,42169
KZN434,uBuhlebezwe,KwaZulu-Natal,2016,60706,57399
KZN435,uMzimkhulu,KwaZulu-Natal,2016,98207,92362
KZN436,Dr. Nkosazana Dlamini Zuma,KwaZulu-Natal,2016,63308,56529
LIM331,Greater Giyani,Limpopo,2016,144181,126936
LIM332,Greater Letaba,Limpopo,2016,126338,111093
LIM333,Greater Tzaneen,Limpopo,2016,261054,184324
LIM334,Ba-Phalaborwa,Limpopo,2016,102384,70416
LIM335,Maruleng,Limpopo,2016,60176,52535
LIM341,Musina,Limpopo,2016,83053,43282
LIM343,Thulamela,Limpopo,2016,212107,227096
LIM344,Makhado,Limpopo,2016,235192,182361
LIM345,Collins Chabane,Limpopo,2016,160019,158218
LIM351,Blouberg,Limpopo,2016,88595,84327
LIM353,Molemole,Limpopo,2016,66922,59052
LIM354,Polokwane,Limpopo,2016,482388,318088
LIM355,Lepele-Nkumpi,Limpopo,2016,131473,105754
LIM361,Thabazimbi,Limpopo,2016,63257,45209
LIM362,Lephalale,Limpopo,2016,84118,58046
LIM366,Bela-Bela,Limpopo,2016,44841,30212
LIM367,Mogalakwena,Limpopo,2016,172178,144031
LIM368,Modimolle/Mookgopong,Limpopo,2016,60286,50680
LIM471,Ephraim Mogale,Limpopo,2016,71070,56934
LIM472,Elias Motsoaledi,Limpopo,2016,154294,121169
LIM473,Makhuduthamaga,Limpopo,2016,161870,127687
LIM476,Greater Tubatse/Fetakgomo,Limpopo,2016,304959,198678
MP301,Chief Albert Luthuli,Mpumalanga,2016,108013,92592
MP302,Msukaligwa,Mpumalanga,2016,106728,71337
MP303,Mkhondo,Mpumalanga,2016,108358,71990
MP304,Dr Pixley Ka Isaka Seme,Mpumalanga,2016,51466,38501
MP305,Lekwa,Mpumalanga,2016,82940,53249
MP306,Dipaleseng,Mpumalanga,2016,30927,21413
MP307,Govan Mbeki,Mpumalanga,2016,226986,145295
MP311,Victor Khanye,Mpumalanga,2016,53692,33451
MP312,Emalahleni,Mpumalanga,2016,305047,189524
MP313,Steve Tshwete,Mpumalanga,2016,187948,110703
MP314,Emakhazeni,Mpumalanga,2016,31475,26651
MP315,Thembisile Hani,Mpumalanga,2016,205246,154722
MP316,Dr JS Moroka,Mpumalanga,2016,151126,130145
MP321,Thaba Chweu,Mpumalanga,2016,64917,51549
MP324,Nkomazi,Mpumalanga,2016,199233,167009
MP325,Bushbuckridge,Mpumalanga,2016,287656,244180
MP326,City of Mbombela,Mpumalanga,2016,410250,316905
NW371,Moretele,North West,2016,112443,97823
NW372,Madibeng,North West,2016,313914,224109
NW373,Rustenburg,North West,2016,375929,297219
NW374,Kgetlengrivier,North West,2016,34678,22007
NW375,Moses Kotane,North West,2016,147712,126321
NW381,Ratlou,North West,2016,63950,49958
NW382,Tswaing,North West,2016,81679,51737
NW383,Mafikeng,North West,2016,210356,134207
NW384,Ditsobotla,North West,2016,120438,72316
NW385,Ramotshere Moiloa,North West,2016,104729,68743
NW392,Naledi,North West,2016,43866,32259
NW393,Mamusa,North West,2016,36388,28290
NW394,Greater Taung,North West,2016,97262,89546
NW396,Lekwa-Teemane,North West,2016,34069,23709
NW397,Ganyesa/Pomfret,North West,2016,57332,53288
NW403,Matlosana,North West,2016,264200,190132
NW404,Maquassi Hills,North West,2016,49581,37475
NW405,JB Marks,North West,2016,157296,116321
NC061,RICHTERSVELD,Northern Cape,2016,9157,7374
NC062,NAMA KHOI,Northern Cape,2016,33522,28971
NC064,KAMIESBERG,Northern Cape,2016,6822,7335
NC065,HANTAM,Northern Cape,2016,14875,13339
NC066,KAROO HOOGLAND,Northern Cape,2016,8990,7235
NC067,KHI-MA,Northern Cape,2016,8922,7129
NC071,UBUNTU,Northern Cape,2016,12720,9707
NC072,UMSOBOMVU,Northern Cape,2016,20712,14710
NC073,EMTHANJENI,Northern Cape,2016,30076,23073
NC074,KAREEBERG,Northern Cape,2016,8955,7432
NC075,RENOSTERBERG,Northern Cape,2016,7813,6391
NC076,THEMBELIHLE,Northern Cape,2016,11075,8874
NC077,SIYATHEMBA,Northern Cape,2016,15723,12107
NC078,SIYANCUMA,Northern Cape,2016,24245,19719
NC082,KAI !GARIB,Northern Cape,2016,49368,31417
NC084,!KHEIS,Northern Cape,2016,9842,9731
NC085,TSANTSABANE,Northern Cape,2016,26534,18682
NC086,KGATELOPELE,Northern Cape,2016,13531,9767
NC087,Dawid Kruiper,Northern Cape,2016,68685,57992
NC091,Sol Plaatje,Northern Cape,2016,169510,130318
NC092,Dikgatlong,Northern Cape,2016,30340,22639
NC093,Magareng,Northern Cape,2016,15487,12040
NC094,Phokwane,Northern Cape,2016,37733,32086
NC451,Joe Morolong,Northern Cape,2016,46287,51911
NC452,GA-SEGONYANA,Northern Cape,2016,63471,49469
NC453,GAMAGARA,Northern Cape,2016,37322,21862
CPT,CPT - City of Cape Town,Western Cape,2016,2624368,1977690
WC011,Matzikama,Western Cape,2016,47032,30193
WC012,Cederberg,Western Cape,2016,35758,24931
WC013,Bergrivier,Western Cape,2016,45428,26310
WC014,Saldanha Bay,Western Cape,2016,75640,56767
WC015,Swartland,Western Cape,2016,90772,49185
WC022,Witzenberg,Western Cape,2016,86435,46980
WC023,Drakenstein,Western Cape,2016,187140,129265
WC024,Stellenbosch,Western Cape,2016,118306,91881
WC025,Breede Valley,Western Cape,2016,112598,77483
WC026,Langeberg,Western Cape,2016,66420,43290
WC031,Theewaterskloof,Western Cape,2016,76812,56687
WC032,Overstrand,Western Cape,2016,64852,53384
WC033,Cape Agulhas,Western Cape,2016,23983,19650
WC034,Swellendam,Western Cape,2016,25848,18881
WC041,Kannaland,Western Cape,2016,16023,14735
WC042,Hessequa,Western Cape,2016,38362,30950
WC043,Mossel Bay,Western Cape,2016,66925,59270
WC044,George,Western Cape,2016,139463,100886
WC045,Oudtshoorn,Western Cape,2016,64034,52443
WC047,Bitou,Western Cape,2016,38653,27867
WC048,Knysna,Western Cape,2016,48766,40014
WC051,Laingsburg,Western Cape,2016,6280,4494
WC052,Prince Albert,Western Cape,2016,9798,7386
WC053,Beaufort West,Western Cape,2016,33830,26027
