feature,source,known_before_election,model_set,missing_pct
vd_turnout_lag1,"IEC results, earlier elections (Stage 2)",yes,first version only,13.4
vd_turnout_lag2,"IEC results, earlier elections (Stage 2)",yes,first version only,40.9
vd_turnout_change_lag,"IEC results, earlier elections (Stage 2)",yes,first version only,40.9
vd_rel_lag1,"IEC results, earlier elections (Stage 2)",yes,local position model,13.4
vd_rel_lag2,"IEC results, earlier elections (Stage 2)",yes,local position model,40.9
vd_rel_change_lag,"IEC results, earlier elections (Stage 2)",yes,local position model,40.9
vd_registered_lag1_log,"IEC results, earlier elections (Stage 2)",yes,local position model,13.4
vd_spoilt_pct_lag1,"IEC results, earlier elections (Stage 2)",yes,local position model,13.4
vd_enp_lag1,"IEC results, PR-ballot party votes at the previous election (Stage 2)",yes,local position model,13.4
vd_winner_share_lag1,"IEC results, PR-ballot party votes at the previous election (Stage 2)",yes,local position model,13.4
vd_margin_lag1,"IEC results, PR-ballot party votes at the previous election (Stage 2)",yes,local position model,13.4
vd_anc_share_lag1,"IEC results, PR-ballot party votes at the previous election (Stage 2)",yes,local position model,13.4
vd_anc_change_lag,"IEC results, PR-ballot party votes at the previous election (Stage 2)",yes,local position model,41.0
muni_turnout_lag1,"IEC results, earlier elections (Stage 2)",yes,first version only,0.0
muni_turnout_lag2,"IEC results, earlier elections (Stage 2)",yes,first version only,19.8
muni_rel_lag1,"IEC results, earlier elections (Stage 2)",yes,local position model,0.0
muni_rel_lag2,"IEC results, earlier elections (Stage 2)",yes,local position model,19.8
province_turnout_lag1,"IEC results, earlier elections (Stage 2)",yes,first version only,0.0
muni_roll_growth_pct,IEC voters roll (Stage 2; 2026: IEC dashboard),yes,municipal context (tested),0.0
muni_roll_growth_rel,IEC voters roll (Stage 2; 2026: IEC dashboard),yes,new feature (tested in Stage 5),0.0
vd_beta,"IEC results, earlier elections (Stage 2)",yes,new feature (tested in Stage 5),65.4
vd_rel_volatility,"IEC results, earlier elections (Stage 2)",yes,new feature (tested in Stage 5),65.4
vd_venue_tent,"IEC voting-station name (keyword rules, cell 4.9)",yes (station list published before the election; 2026 uses the 2021 list),new feature (tested in Stage 5),19.8
vd_venue_farm,"IEC voting-station name (keyword rules, cell 4.9)",yes (station list published before the election; 2026 uses the 2021 list),new feature (tested in Stage 5),19.8
vd_venue_traditional,"IEC voting-station name (keyword rules, cell 4.9)",yes (station list published before the election; 2026 uses the 2021 list),new feature (tested in Stage 5),19.8
vd_venue_church,"IEC voting-station name (keyword rules, cell 4.9)",yes (station list published before the election; 2026 uses the 2021 list),new feature (tested in Stage 5),19.8
vd_venue_school,"IEC voting-station name (keyword rules, cell 4.9)",yes (station list published before the election; 2026 uses the 2021 list),new feature (tested in Stage 5),19.8
vd_venue_hall,"IEC voting-station name (keyword rules, cell 4.9)",yes (station list published before the election; 2026 uses the 2021 list),new feature (tested in Stage 5),19.8
years_since_previous,"IEC results, earlier elections (Stage 2)",yes,first version only,0.0
muni_audit_score_last,Auditor-General via Municipal Money (Stage 3),yes (financial years up to the year before the election),municipal context (tested),44.4
muni_audit_score_3yr,Auditor-General via Municipal Money (Stage 3),yes (financial years up to the year before the election),municipal context (tested),44.4
muni_npe_turnout_last,"IEC provincial-election turnout reports (Stage 2, cell 2.8)",yes,municipal context (tested),3.0
muni_npe_years_before,"IEC provincial-election turnout reports (Stage 2, cell 2.8)",yes,first version only,3.0
muni_npe_change_pp,"IEC provincial-election turnout reports (Stage 2, cell 2.8)",yes,municipal context (tested),23.6
c22_internet_any_pct,Census 2022 (Stage 3),yes for 2026; later snapshot for 2006-2021,municipal context (tested),0.0
c22_internet_at_home_pct,Census 2022 (Stage 3),yes for 2026; later snapshot for 2006-2021,municipal context (tested),0.0
c22_computer_pct,Census 2022 (Stage 3),yes for 2026; later snapshot for 2006-2021,municipal context (tested),0.0
c22_motor_car_pct,Census 2022 (Stage 3),yes for 2026; later snapshot for 2006-2021,municipal context (tested),0.0
c22_piped_water_in_yard_pct,Census 2022 (Stage 3),yes for 2026; later snapshot for 2006-2021,municipal context (tested),0.0
c22_electricity_lighting_pct,Census 2022 (Stage 3),yes for 2026; later snapshot for 2006-2021,municipal context (tested),0.0
c22_flush_toilet_pct,Census 2022 (Stage 3),yes for 2026; later snapshot for 2006-2021,municipal context (tested),0.0
c22_refuse_weekly_pct,Census 2022 (Stage 3),yes for 2026; later snapshot for 2006-2021,municipal context (tested),0.0
c22_informal_dwelling_pct,Census 2022 (Stage 3),yes for 2026; later snapshot for 2006-2021,municipal context (tested),0.0
c22_rdp_house_pct,Census 2022 (Stage 3),yes for 2026; later snapshot for 2006-2021,municipal context (tested),0.0
c22_adult_hunger_pct,Census 2022 (Stage 3),yes for 2026; later snapshot for 2006-2021,municipal context (tested),0.0
c22_female_headed_pct,Census 2022 (Stage 3),yes for 2026; later snapshot for 2006-2021,municipal context (tested),0.0
c22_urban_pct,Census 2022 (Stage 3),yes for 2026; later snapshot for 2006-2021,municipal context (tested),0.0
c22_traditional_pct,Census 2022 (Stage 3),yes for 2026; later snapshot for 2006-2021,municipal context (tested),0.0
c22_farms_pct,Census 2022 (Stage 3),yes for 2026; later snapshot for 2006-2021,municipal context (tested),0.0
c22_mean_household_size,Census 2022 (Stage 3),yes for 2026; later snapshot for 2006-2021,municipal context (tested),0.0
c22_matric_or_higher_pct,Census 2022 (Stage 3),yes for 2026; later snapshot for 2006-2021,municipal context (tested),0.0
c22_higher_education_pct,Census 2022 (Stage 3),yes for 2026; later snapshot for 2006-2021,municipal context (tested),0.0
c22_no_schooling_pct,Census 2022 (Stage 3),yes for 2026; later snapshot for 2006-2021,municipal context (tested),0.0
c22_youth_matric_or_higher_pct,Census 2022 (Stage 3),yes for 2026; later snapshot for 2006-2021,municipal context (tested),0.0
c22_youth_share_of_adults_pct,Census 2022 (Stage 3),yes for 2026; later snapshot for 2006-2021,municipal context (tested),0.0
