province_2021,municipality_code_2021,municipality_name_2021,election_year,ballot_type,registered_voters,votes_cast,valid_votes,spoilt_votes,voting_districts,share_vd_code_match,turnout_pct,spoilt_pct
Mpumalanga,MP301,MP301 - Chief Albert Luthuli,2000,DC40,72840,35632,34540,1092,63,1.0,48.91817682591982,3.064660978895375
Mpumalanga,MP301,MP301 - Chief Albert Luthuli,2000,PR,72840,35607,34520,1087,63,1.0,48.8838550247117,3.052770522650041
Mpumalanga,MP301,MP301 - Chief Albert Luthuli,2000,WARD,72840,35553,34022,1531,63,1.0,48.80971993410214,4.3062470115039515
Mpumalanga,MP301,MP301 - Chief Albert Luthuli,2006,DC40,80338,42761,41720,1041,78,0.9871794871794872,53.22636859269586,2.4344613082013984
Mpumalanga,MP301,MP301 - Chief Albert Luthuli,2006,PR,80338,43257,42274,983,78,0.9871794871794872,53.843760113520375,2.272464572207966
Mpumalanga,MP301,MP301 - Chief Albert Luthuli,2006,WARD,80338,43240,42353,887,78,0.9871794871794872,53.8225995170405,2.051341350601295
Mpumalanga,MP301,MP301 - Chief Albert Luthuli,2011,DC40,83153,48467,47452,1015,107,0.9906542056074766,58.286532055367815,2.09420843047847
Mpumalanga,MP301,MP301 - Chief Albert Luthuli,2011,PR,83153,48470,47686,784,107,0.9906542056074766,58.290139862662805,1.6174953579533733
Mpumalanga,MP301,MP301 - Chief Albert Luthuli,2011,WARD,83153,48469,47481,988,107,0.9906542056074766,58.28893726023114,2.0384163073304586
Mpumalanga,MP301,MP301 - Chief Albert Luthuli,2016,DC40,92592,54711,53772,939,124,1.0,59.088258164852256,1.7162910566430882
Mpumalanga,MP301,MP301 - Chief Albert Luthuli,2016,PR,92592,54748,53920,828,124,1.0,59.12821842059789,1.5123840140279097
Mpumalanga,MP301,MP301 - Chief Albert Luthuli,2016,WARD,92592,54867,54085,782,124,1.0,59.25673924313116,1.425264731076968
Mpumalanga,MP301,MP301 - Chief Albert Luthuli,2021,DC40,92803,40537,39654,883,126,1.0,43.68069997737142,2.178256901102696
Mpumalanga,MP301,MP301 - Chief Albert Luthuli,2021,PR,92803,40341,39553,788,126,1.0,43.46949990840813,1.9533477107657222
Mpumalanga,MP301,MP301 - Chief Albert Luthuli,2021,WARD,92803,40536,39760,776,126,1.0,43.679622425999156,1.9143477402802447
Mpumalanga,MP302,MP302 - Msukaligwa,2000,DC40,52183,24952,24289,663,32,1.0,47.816338654351036,2.6571016351394676
Mpumalanga,MP302,MP302 - Msukaligwa,2000,PR,52183,24940,24175,765,32,1.0,47.793342659486804,3.067361668003208
Mpumalanga,MP302,MP302 - Msukaligwa,2000,WARD,52183,25001,24182,819,32,1.0,47.910238966713294,3.2758689652413904
Mpumalanga,MP302,MP302 - Msukaligwa,2006,DC40,56649,27701,27034,667,46,1.0,48.89936274250208,2.4078553120825963
Mpumalanga,MP302,MP302 - Msukaligwa,2006,PR,56649,27697,27095,602,46,1.0,48.89230171759431,2.1735205978986896
Mpumalanga,MP302,MP302 - Msukaligwa,2006,WARD,56649,27677,27034,643,46,1.0,48.856996593055484,2.323228673627922
Mpumalanga,MP302,MP302 - Msukaligwa,2011,DC40,62384,35429,34858,571,56,0.9821428571428571,56.79180559117722,1.6116740523300122
Mpumalanga,MP302,MP302 - Msukaligwa,2011,PR,62384,35473,34940,533,56,0.9821428571428571,56.86233649653757,1.502551236151439
Mpumalanga,MP302,MP302 - Msukaligwa,2011,WARD,62384,35424,34750,674,56,0.9821428571428571,56.783790715568095,1.9026648599819331
Mpumalanga,MP302,MP302 - Msukaligwa,2016,DC40,71337,40959,40396,563,74,1.0,57.41620757811514,1.3745452769843014
Mpumalanga,MP302,MP302 - Msukaligwa,2016,PR,71337,40927,40387,540,74,1.0,57.371350070790754,1.319422386199819
Mpumalanga,MP302,MP302 - Msukaligwa,2016,WARD,71337,40813,40247,566,74,1.0,57.21154520094761,1.386813025261559
Mpumalanga,MP302,MP302 - Msukaligwa,2021,DC40,69662,27958,27029,929,76,1.0,40.13378886623985,3.32284140496459
Mpumalanga,MP302,MP302 - Msukaligwa,2021,PR,69662,28089,27166,923,76,1.0,40.32183974046109,3.285983837089252
Mpumalanga,MP302,MP302 - Msukaligwa,2021,WARD,69662,28060,27471,589,76,1.0,40.280210157618214,2.099073414112616
Mpumalanga,MP303,MP303 - Mkhondo,2000,DC40,48235,23498,22793,705,32,1.0,48.71566290038354,3.000255340880075
Mpumalanga,MP303,MP303 - Mkhondo,2000,PR,48235,23473,22797,676,32,1.0,48.6638333160568,2.8799045712094746
Mpumalanga,MP303,MP303 - Mkhondo,2000,WARD,48235,23507,22804,703,32,1.0,48.734321550741164,2.990598545114221
Mpumalanga,MP303,MP303 - Mkhondo,2006,DC40,57492,30342,29545,797,59,1.0,52.77603840534335,2.6267220354623952
Mpumalanga,MP303,MP303 - Mkhondo,2006,PR,57492,30311,29563,748,59,1.0,52.72211785987616,2.4677509814918674
Mpumalanga,MP303,MP303 - Mkhondo,2006,WARD,57492,30357,29721,636,59,1.0,52.80212899185974,2.0950686826761538
Mpumalanga,MP303,MP303 - Mkhondo,2011,DC40,63859,37893,36330,1563,69,1.0,59.3385427269453,4.124772385400997
Mpumalanga,MP303,MP303 - Mkhondo,2011,PR,63859,37929,37302,627,69,1.0,59.394916926353375,1.6530886656647947
Mpumalanga,MP303,MP303 - Mkhondo,2011,WARD,63859,37929,37202,727,69,1.0,59.394916926353375,1.9167391705555117
Mpumalanga,MP303,MP303 - Mkhondo,2016,DC40,71990,41286,40461,825,74,1.0,57.34963189331852,1.9982560674320593
Mpumalanga,MP303,MP303 - Mkhondo,2016,PR,71990,41219,40467,752,74,1.0,57.25656341158494,1.8244013683010263
Mpumalanga,MP303,MP303 - Mkhondo,2016,WARD,71990,41168,40419,749,74,1.0,57.18572023892207,1.8193742712786631
Mpumalanga,MP303,MP303 - Mkhondo,2021,DC40,70522,30802,29547,1255,76,1.0,43.67715039278523,4.074410752548536
Mpumalanga,MP303,MP303 - Mkhondo,2021,PR,70522,30796,29636,1160,76,1.0,43.66864240946088,3.7667229510326017
Mpumalanga,MP303,MP303 - Mkhondo,2021,WARD,70522,30394,29749,645,76,1.0,43.098607526729246,2.1221293676383497
Mpumalanga,MP304,MP304 - Dr Pixley Ka Isaka Seme,2000,DC40,32525,15902,15413,489,33,1.0,48.89162182936203,3.0750848949817633
Mpumalanga,MP304,MP304 - Dr Pixley Ka Isaka Seme,2000,PR,32525,15895,15302,593,33,1.0,48.87009992313605,3.730732934885184
Mpumalanga,MP304,MP304 - Dr Pixley Ka Isaka Seme,2000,WARD,32525,15932,15369,563,33,1.0,48.98385857033052,3.533768516193824
Mpumalanga,MP304,MP304 - Dr Pixley Ka Isaka Seme,2006,DC40,33947,17852,17191,661,36,1.0,52.587857542639995,3.702666367913959
Mpumalanga,MP304,MP304 - Dr Pixley Ka Isaka Seme,2006,PR,33947,17852,17245,607,36,1.0,52.587857542639995,3.400179251624468
Mpumalanga,MP304,MP304 - Dr Pixley Ka Isaka Seme,2006,WARD,33947,17852,17384,468,36,1.0,52.587857542639995,2.6215550078422587
Mpumalanga,MP304,MP304 - Dr Pixley Ka Isaka Seme,2011,DC40,34578,20936,20187,749,38,1.0,60.547168719995376,3.5775697363393197
Mpumalanga,MP304,MP304 - Dr Pixley Ka Isaka Seme,2011,PR,34578,21020,20331,689,38,1.0,60.79009775001446,3.2778306374881065
Mpumalanga,MP304,MP304 - Dr Pixley Ka Isaka Seme,2011,WARD,34578,21040,20445,595,38,1.0,60.8479379952571,2.8279467680608366
Mpumalanga,MP304,MP304 - Dr Pixley Ka Isaka Seme,2016,DC40,38501,22835,22325,510,42,1.0,59.310147788369136,2.2334136194438363
Mpumalanga,MP304,MP304 - Dr Pixley Ka Isaka Seme,2016,PR,38501,22824,22327,497,42,1.0,59.281577101893454,2.177532422011917
Mpumalanga,MP304,MP304 - Dr Pixley Ka Isaka Seme,2016,WARD,38501,22826,22338,488,42,1.0,59.286771772161764,2.1379129063348814
Mpumalanga,MP304,MP304 - Dr Pixley Ka Isaka Seme,2021,DC40,37767,17102,16644,458,42,1.0,45.28291895040644,2.678049350953105
Mpumalanga,MP304,MP304 - Dr Pixley Ka Isaka Seme,2021,PR,37767,17082,16645,437,42,1.0,45.229962665819365,2.5582484486594077
Mpumalanga,MP304,MP304 - Dr Pixley Ka Isaka Seme,2021,WARD,37767,16820,16448,372,42,1.0,44.536235337728705,2.211652794292509
Mpumalanga,MP305,MP305 - Lekwa,2000,DC40,42810,20557,19675,882,25,1.0,48.01915440317683,4.290509315561609
Mpumalanga,MP305,MP305 - Lekwa,2000,PR,42810,20533,19665,868,25,1.0,47.96309273534221,4.227341352944041
Mpumalanga,MP305,MP305 - Lekwa,2000,WARD,42810,19648,18936,712,25,1.0,45.895818733940665,3.6237785016286646
Mpumalanga,MP305,MP305 - Lekwa,2006,DC40,46336,22357,21750,607,32,1.0,48.24974102209945,2.715033322896632
Mpumalanga,MP305,MP305 - Lekwa,2006,PR,46336,22511,21948,563,32,1.0,48.58209599447514,2.5009995113500065
Mpumalanga,MP305,MP305 - Lekwa,2006,WARD,46336,22470,21955,515,32,1.0,48.49361187845304,2.2919448153093014
Mpumalanga,MP305,MP305 - Lekwa,2011,DC40,49204,29402,28869,533,41,1.0,59.75530444679294,1.812801850214271
Mpumalanga,MP305,MP305 - Lekwa,2011,PR,49204,29443,28887,556,41,1.0,59.8386310056093,1.8883945250144347
Mpumalanga,MP305,MP305 - Lekwa,2011,WARD,49204,29440,28798,642,41,1.0,59.83253394033005,2.1807065217391304
Mpumalanga,MP305,MP305 - Lekwa,2016,DC40,53249,30340,29486,854,42,1.0,56.977595823395745,2.8147659854976927
Mpumalanga,MP305,MP305 - Lekwa,2016,PR,53249,30580,29838,742,42,1.0,57.42830851283592,2.4264224983649445
Mpumalanga,MP305,MP305 - Lekwa,2016,WARD,53249,30565,29889,676,42,1.0,57.40013896974591,2.211680026173728
Mpumalanga,MP305,MP305 - Lekwa,2021,DC40,51116,23311,22593,718,43,1.0,45.60411612802254,3.0800909441894384
Mpumalanga,MP305,MP305 - Lekwa,2021,PR,51116,23467,23007,460,43,1.0,45.90930432741216,1.9601994289853837
Mpumalanga,MP305,MP305 - Lekwa,2021,WARD,51116,23387,22929,458,43,1.0,45.75279755849441,1.958352931115577
Mpumalanga,MP306,MP306 - Dipaleseng,2000,DC40,17547,8878,8597,281,15,0.9333333333333333,50.59554339773181,3.1651272809191258
Mpumalanga,MP306,MP306 - Dipaleseng,2000,PR,17547,8890,8625,265,15,0.9333333333333333,50.66393115632302,2.980877390326209
Mpumalanga,MP306,MP306 - Dipaleseng,2000,WARD,17547,8871,8626,245,15,0.9333333333333333,50.5556505385536,2.761808138879495
Mpumalanga,MP306,MP306 - Dipaleseng,2006,DC40,18892,9996,9682,314,18,1.0,52.91128520008469,3.1412565026010406
Mpumalanga,MP306,MP306 - Dipaleseng,2006,PR,18892,9998,9668,330,18,1.0,52.921871691721364,3.300660132026405
Mpumalanga,MP306,MP306 - Dipaleseng,2006,WARD,18892,9983,9673,310,18,1.0,52.842473004446326,3.1052789742562354
Mpumalanga,MP306,MP306 - Dipaleseng,2011,DC40,19547,11725,10273,1452,24,1.0,59.98362920141198,12.383795309168443
Mpumalanga,MP306,MP306 - Dipaleseng,2011,PR,19547,11888,11079,809,24,1.0,60.817516754489176,6.805181695827725
Mpumalanga,MP306,MP306 - Dipaleseng,2011,WARD,19547,12054,11549,505,24,1.0,61.66675193124264,4.189480670316907
Mpumalanga,MP306,MP306 - Dipaleseng,2016,DC40,21413,12803,12444,359,29,1.0,59.79078130107878,2.8040303053971725
Mpumalanga,MP306,MP306 - Dipaleseng,2016,PR,21413,12811,12504,307,29,1.0,59.828141783029004,2.3963781125595194
Mpumalanga,MP306,MP306 - Dipaleseng,2016,WARD,21413,12849,12577,272,29,1.0,60.005604072292535,2.116896256518017
Mpumalanga,MP306,MP306 - Dipaleseng,2021,DC40,20948,9552,9260,292,30,1.0,45.59862516708039,3.056951423785595
Mpumalanga,MP306,MP306 - Dipaleseng,2021,PR,20948,9591,9330,261,30,1.0,45.78480045827764,2.7213012198936504
Mpumalanga,MP306,MP306 - Dipaleseng,2021,WARD,20948,9627,9391,236,30,1.0,45.956654573228946,2.4514386620961877
Mpumalanga,MP307,MP307 - Govan Mbeki,2000,DC40,111470,46997,45320,1677,58,0.9482758620689655,42.16111958374451,3.5683128710343213
Mpumalanga,MP307,MP307 - Govan Mbeki,2000,PR,111470,46908,45673,1235,58,0.9482758620689655,42.081277473759755,2.6328131661976637
Mpumalanga,MP307,MP307 - Govan Mbeki,2000,WARD,111470,46959,45472,1487,58,0.9482758620689655,42.127029694088094,3.1665921335633214
Mpumalanga,MP307,MP307 - Govan Mbeki,2006,DC40,120834,49649,48255,1394,78,0.9743589743589743,41.08860089047784,2.807710125078048
Mpumalanga,MP307,MP307 - Govan Mbeki,2006,PR,120834,49846,48685,1161,78,0.9743589743589743,41.251634473740836,2.3291738554748624
Mpumalanga,MP307,MP307 - Govan Mbeki,2006,WARD,120834,49870,48717,1153,78,0.9743589743589743,41.271496433123126,2.3120112291959094
Mpumalanga,MP307,MP307 - Govan Mbeki,2011,DC40,131576,71577,70544,1033,88,0.9772727272727273,54.39973855414361,1.443201028263269
Mpumalanga,MP307,MP307 - Govan Mbeki,2011,PR,131576,71511,70461,1050,88,0.9772727272727273,54.349577430534445,1.4683055753660277
Mpumalanga,MP307,MP307 - Govan Mbeki,2011,WARD,131576,71903,70733,1170,88,0.9772727272727273,54.64750410409193,1.6271921894774906
Mpumalanga,MP307,MP307 - Govan Mbeki,2016,DC40,145295,76589,75237,1352,92,0.9891304347826086,52.71275680512062,1.7652665526381073
Mpumalanga,MP307,MP307 - Govan Mbeki,2016,PR,145295,76958,75729,1229,92,0.9891304347826086,52.96672287415259,1.5969749733620937
Mpumalanga,MP307,MP307 - Govan Mbeki,2016,WARD,145295,77570,76391,1179,92,0.9891304347826086,53.38793489108366,1.5199174938764985
Mpumalanga,MP307,MP307 - Govan Mbeki,2021,DC40,141058,56936,55922,1014,100,1.0,40.36353840264288,1.7809470282422368
Mpumalanga,MP307,MP307 - Govan Mbeki,2021,PR,141058,57483,56547,936,100,1.0,40.751322151171856,1.62830749960858
Mpumalanga,MP307,MP307 - Govan Mbeki,2021,WARD,141058,56298,55288,1010,100,1.0,39.911242184066126,1.7940246545170344
Mpumalanga,MP311,MP311 - Victor Khanye,2000,DC40,22353,10282,9494,788,17,1.0,45.99830000447367,7.663878622836024
Mpumalanga,MP311,MP311 - Victor Khanye,2000,PR,22353,10286,9541,745,17,1.0,46.01619469422449,7.242854365156523
Mpumalanga,MP311,MP311 - Victor Khanye,2000,WARD,22353,10291,9970,321,17,1.0,46.03856305641301,3.119230395491206
Mpumalanga,MP311,MP311 - Victor Khanye,2006,DC40,25236,10803,10400,403,21,1.0,42.80789348549691,3.730445246690734
Mpumalanga,MP311,MP311 - Victor Khanye,2006,PR,25236,10801,10451,350,21,1.0,42.799968299255035,3.240440699935191
Mpumalanga,MP311,MP311 - Victor Khanye,2006,WARD,25236,10855,10532,323,21,1.0,43.013948327785705,2.9755872869645326
Mpumalanga,MP311,MP311 - Victor Khanye,2011,DC40,28664,16248,16004,244,25,1.0,56.684342729556235,1.501723289020187
Mpumalanga,MP311,MP311 - Victor Khanye,2011,PR,28664,16245,16017,228,25,1.0,56.673876639687414,1.4035087719298245
Mpumalanga,MP311,MP311 - Victor Khanye,2011,WARD,28664,16255,15964,291,25,1.0,56.70876360591683,1.790218394340203
Mpumalanga,MP311,MP311 - Victor Khanye,2016,DC40,33451,18406,18002,404,28,1.0,55.02376610564706,2.194936433771596
Mpumalanga,MP311,MP311 - Victor Khanye,2016,PR,33451,18421,18022,399,28,1.0,55.06860781441512,2.1660061885891104
Mpumalanga,MP311,MP311 - Victor Khanye,2016,WARD,33451,18523,18124,399,28,1.0,55.373531434037844,2.1540787129514656
Mpumalanga,MP311,MP311 - Victor Khanye,2021,DC40,34548,18178,17832,346,28,1.0,52.6166492995253,1.9033997139399275
Mpumalanga,MP311,MP311 - Victor Khanye,2021,PR,34548,18003,17699,304,28,1.0,52.110107676276485,1.68860745431317
Mpumalanga,MP311,MP311 - Victor Khanye,2021,WARD,34548,17863,17544,319,28,1.0,51.704874377677434,1.7858142529250405
Mpumalanga,MP312,MP312 - Emalahleni,2000,DC40,129380,52255,51133,1122,58,0.9655172413793104,40.38877724532385,2.147162950913788
Mpumalanga,MP312,MP312 - Emalahleni,2000,PR,129380,52250,51342,908,58,0.9655172413793104,40.38491266038027,1.737799043062201
Mpumalanga,MP312,MP312 - Emalahleni,2000,WARD,129380,52054,50951,1103,58,0.9655172413793104,40.233420930592054,2.1189533945518115
Mpumalanga,MP312,MP312 - Emalahleni,2006,DC40,149252,65305,63576,1729,82,0.9878048780487805,43.75485755634765,2.6475767552254803
Mpumalanga,MP312,MP312 - Emalahleni,2006,PR,149252,62629,61106,1523,82,0.9878048780487805,41.961916758234395,2.431780804419678
Mpumalanga,MP312,MP312 - Emalahleni,2006,WARD,149252,62641,61361,1280,82,0.9878048780487805,41.969956851499475,2.0433901119075366
Mpumalanga,MP312,MP312 - Emalahleni,2011,DC40,167689,89722,88676,1046,102,0.9901960784313726,53.50500032798812,1.1658233209246338
Mpumalanga,MP312,MP312 - Emalahleni,2011,PR,167689,89819,88773,1046,102,0.9901960784313726,53.56284550566823,1.1645642904062614
Mpumalanga,MP312,MP312 - Emalahleni,2011,WARD,167689,89585,88480,1105,102,0.9901960784313726,53.42330146879044,1.2334654238990903
Mpumalanga,MP312,MP312 - Emalahleni,2016,DC40,189524,97862,96184,1678,113,1.0,51.63567674806357,1.714659418364636
Mpumalanga,MP312,MP312 - Emalahleni,2016,PR,189524,97707,95968,1739,113,1.0,51.553892910660394,1.7798110677842938
Mpumalanga,MP312,MP312 - Emalahleni,2016,WARD,189524,97594,96038,1556,113,1.0,51.49426985500517,1.5943603090353915
Mpumalanga,MP312,MP312 - Emalahleni,2021,DC40,186763,73546,72082,1464,120,1.0,39.37932031505169,1.9905909226878415
Mpumalanga,MP312,MP312 - Emalahleni,2021,PR,186763,73535,72137,1398,120,1.0,39.37343049747541,1.9011355137009587
Mpumalanga,MP312,MP312 - Emalahleni,2021,WARD,186763,73439,72132,1307,120,1.0,39.322028453173274,1.7797083293617832
Mpumalanga,MP313,MP313 - Steve Tshwete,2000,DC40,77723,35805,34934,871,38,0.9736842105263158,46.067444643155824,2.4326211422985615
Mpumalanga,MP313,MP313 - Steve Tshwete,2000,PR,77723,35850,35111,739,38,0.9736842105263158,46.125342562690584,2.0613668061366806
Mpumalanga,MP313,MP313 - Steve Tshwete,2000,WARD,77723,35849,35143,706,38,0.9736842105263158,46.124055942256476,1.9693715305866273
Mpumalanga,MP313,MP313 - Steve Tshwete,2006,DC40,85755,37592,35767,1825,45,0.9777777777777777,43.836510990612794,4.854756331134284
Mpumalanga,MP313,MP313 - Steve Tshwete,2006,PR,85755,37855,36738,1117,45,0.9777777777777777,44.1431986473092,2.950733060361907
Mpumalanga,MP313,MP313 - Steve Tshwete,2006,WARD,85755,37772,36860,912,45,0.9777777777777777,44.046411287971544,2.414486921529175
Mpumalanga,MP313,MP313 - Steve Tshwete,2011,DC40,98060,53964,53303,661,57,1.0,55.031613297980826,1.2248906678526426
Mpumalanga,MP313,MP313 - Steve Tshwete,2011,PR,98060,53971,53308,663,57,1.0,55.03875178462166,1.2284374942098535
Mpumalanga,MP313,MP313 - Steve Tshwete,2011,WARD,98060,53979,53252,727,57,1.0,55.046910055068324,1.346820059652828
Mpumalanga,MP313,MP313 - Steve Tshwete,2016,DC40,110703,58529,57767,762,67,1.0,52.87029258466347,1.3019187069657776
Mpumalanga,MP313,MP313 - Steve Tshwete,2016,PR,110703,58470,57729,741,67,1.0,52.81699682935422,1.267316572601334
Mpumalanga,MP313,MP313 - Steve Tshwete,2016,WARD,110703,58575,57834,741,67,1.0,52.91184520744695,1.265044814340589
Mpumalanga,MP313,MP313 - Steve Tshwete,2021,DC40,108499,47537,46079,1458,70,1.0,43.81330703508788,3.067084586742958
Mpumalanga,MP313,MP313 - Steve Tshwete,2021,PR,108499,47343,46414,929,70,1.0,43.63450354381146,1.9622753099719072
Mpumalanga,MP313,MP313 - Steve Tshwete,2021,WARD,108499,47755,46833,922,70,1.0,44.01423054590365,1.9306878860852266
Mpumalanga,MP314,MP314 - Emakhazeni,2000,DC40,21552,10281,9727,554,24,0.9166666666666666,47.703229398663694,5.388580877346562
Mpumalanga,MP314,MP314 - Emakhazeni,2000,PR,21552,10307,9775,532,24,0.9166666666666666,47.82386785449146,5.161540700494809
Mpumalanga,MP314,MP314 - Emakhazeni,2000,WARD,21552,10304,9975,329,24,0.9166666666666666,47.80994803266518,3.192934782608696
Mpumalanga,MP314,MP314 - Emakhazeni,2006,DC40,22683,11012,10782,230,30,0.9666666666666667,48.54737027730018,2.088630584816564
Mpumalanga,MP314,MP314 - Emakhazeni,2006,PR,22683,11027,10785,242,30,0.9666666666666667,48.61349909623947,2.1946132220912307
Mpumalanga,MP314,MP314 - Emakhazeni,2006,WARD,22683,11023,10785,238,30,0.9666666666666667,48.59586474452233,2.1591218361607547
Mpumalanga,MP314,MP314 - Emakhazeni,2011,DC40,24500,14692,14476,216,39,0.9743589743589743,59.96734693877551,1.4701878573373264
Mpumalanga,MP314,MP314 - Emakhazeni,2011,PR,24500,14695,14516,179,39,0.9743589743589743,59.97959183673469,1.2181013950323238
Mpumalanga,MP314,MP314 - Emakhazeni,2011,WARD,24500,14682,14483,199,39,0.9743589743589743,59.926530612244896,1.35540117150252
Mpumalanga,MP314,MP314 - Emakhazeni,2016,DC40,26651,15105,14917,188,46,0.9565217391304348,56.67704776556227,1.244620986428335
Mpumalanga,MP314,MP314 - Emakhazeni,2016,PR,26651,15106,14951,155,46,0.9565217391304348,56.68079996998237,1.0260823513835562
Mpumalanga,MP314,MP314 - Emakhazeni,2016,WARD,26651,15103,14942,161,46,0.9565217391304348,56.66954335672207,1.0660133748261935
Mpumalanga,MP314,MP314 - Emakhazeni,2021,DC40,26486,12613,12440,173,44,1.0,47.62138488257948,1.3716007294061683
Mpumalanga,MP314,MP314 - Emakhazeni,2021,PR,26486,12627,12453,174,44,1.0,47.67424299629993,1.3779995248277501
Mpumalanga,MP314,MP314 - Emakhazeni,2021,WARD,26486,12547,12366,181,44,1.0,47.37219663218304,1.4425759145612498
Mpumalanga,MP315,MP315 - Thembisile Hani,2000,DC40,102789,41403,39574,1829,55,0.9636363636363636,40.279601902927354,4.417554283506026
Mpumalanga,MP315,MP315 - Thembisile Hani,2000,PR,102789,41293,39574,1719,55,0.9636363636363636,40.172586560818765,4.1629331848012985
Mpumalanga,MP315,MP315 - Thembisile Hani,2000,WARD,102789,41702,40270,1432,55,0.9636363636363636,40.57048906011344,3.433888062922642
Mpumalanga,MP315,MP315 - Thembisile Hani,2006,DC40,117520,50441,48394,2047,86,0.9302325581395349,42.9212049012934,4.058206617632481
Mpumalanga,MP315,MP315 - Thembisile Hani,2006,PR,117520,50394,48592,1802,86,0.9302325581395349,42.88121170864534,3.575822518553796
Mpumalanga,MP315,MP315 - Thembisile Hani,2006,WARD,117520,50030,48749,1281,86,0.9302325581395349,42.571477195371,2.56046372176694
Mpumalanga,MP315,MP315 - Thembisile Hani,2011,DC40,138008,76899,75069,1830,133,0.9699248120300752,55.7206828589647,2.379744860141224
Mpumalanga,MP315,MP315 - Thembisile Hani,2011,PR,138008,76801,75051,1750,133,0.9699248120300752,55.649672482754625,2.2786161638520332
Mpumalanga,MP315,MP315 - Thembisile Hani,2011,WARD,138008,76757,74909,1848,133,0.9699248120300752,55.61779027302765,2.4075980040908322
Mpumalanga,MP315,MP315 - Thembisile Hani,2016,DC40,154722,84926,83155,1771,141,0.9929078014184397,54.88941456289345,2.085344888491157
Mpumalanga,MP315,MP315 - Thembisile Hani,2016,PR,154722,85208,83408,1800,141,0.9929078014184397,55.07167694316257,2.1124777016242606
Mpumalanga,MP315,MP315 - Thembisile Hani,2016,WARD,154722,85299,83615,1684,141,0.9929078014184397,55.13049210842673,1.9742318198337612
Mpumalanga,MP315,MP315 - Thembisile Hani,2021,DC40,151479,61293,59715,1578,143,1.0,40.463034480026934,2.574519113112427
Mpumalanga,MP315,MP315 - Thembisile Hani,2021,PR,151479,61389,59778,1611,143,1.0,40.526409601330876,2.624248643893857
Mpumalanga,MP315,MP315 - Thembisile Hani,2021,WARD,151479,61695,60263,1432,143,1.0,40.72841780048719,2.321095712780614
Mpumalanga,MP316,MP316 - Dr JS Moroka,2000,DC40,102522,38376,37094,1282,80,0.9625,37.43196582196992,3.340629560141755
Mpumalanga,MP316,MP316 - Dr JS Moroka,2000,DMA_DC60,25,19,19,0,1,1.0,76.0,0.0
Mpumalanga,MP316,MP316 - Dr JS Moroka,2000,PR,102497,38642,37291,1351,79,0.9620253164556962,37.70061562777447,3.496195849076135
Mpumalanga,MP316,MP316 - Dr JS Moroka,2000,WARD,102522,38469,37130,1339,80,0.9625,37.52267805934336,3.4807247394005563
Mpumalanga,MP316,MP316 - Dr JS Moroka,2006,DC40,111877,49471,45977,3494,94,1.0,44.21909775914621,7.062723615855754
Mpumalanga,MP316,MP316 - Dr JS Moroka,2006,PR,111877,49388,46219,3169,94,1.0,44.14490914128909,6.4165384303879485
Mpumalanga,MP316,MP316 - Dr JS Moroka,2006,WARD,111877,49534,48074,1460,94,1.0,44.27540960161606,2.9474704243549885
Mpumalanga,MP316,MP316 - Dr JS Moroka,2011,DC40,118114,62363,60499,1864,103,1.0,52.798990805493,2.9889517823068164
Mpumalanga,MP316,MP316 - Dr JS Moroka,2011,PR,118114,62641,60730,1911,103,1.0,53.034356638501784,3.050717581136955
Mpumalanga,MP316,MP316 - Dr JS Moroka,2011,WARD,118114,62363,61168,1195,103,1.0,52.798990805493,1.9162003110818915
Mpumalanga,MP316,MP316 - Dr JS Moroka,2016,DC40,130145,70368,68542,1826,116,1.0,54.068923124207615,2.5949295134151886
Mpumalanga,MP316,MP316 - Dr JS Moroka,2016,PR,130145,69905,67983,1922,116,1.0,53.713166083983246,2.7494456762749446
Mpumalanga,MP316,MP316 - Dr JS Moroka,2016,WARD,130145,71220,69715,1505,116,1.0,54.72357754811941,2.1131704577365906
Mpumalanga,MP316,MP316 - Dr JS Moroka,2021,DC40,123373,52984,51811,1173,117,1.0,42.94618757750886,2.2138758870602446
Mpumalanga,MP316,MP316 - Dr JS Moroka,2021,PR,123373,52817,51737,1080,117,1.0,42.810825707407616,2.044796183047125
Mpumalanga,MP316,MP316 - Dr JS Moroka,2021,WARD,123373,52896,52032,864,117,1.0,42.874859166916586,1.633393829401089
Mpumalanga,MP321,MP321 - Thaba Chweu,2000,DC40,37800,17734,17372,362,28,0.9642857142857143,46.91534391534392,2.041276643735198
Mpumalanga,MP321,MP321 - Thaba Chweu,2000,PR,37800,17723,17365,358,28,0.9642857142857143,46.886243386243386,2.019974045026237
Mpumalanga,MP321,MP321 - Thaba Chweu,2000,WARD,37800,17714,17326,388,28,0.9642857142857143,46.86243386243386,2.190357908998532
Mpumalanga,MP321,MP321 - Thaba Chweu,2006,DC40,41720,18347,17897,450,40,1.0,43.97651006711409,2.4527170654602934
Mpumalanga,MP321,MP321 - Thaba Chweu,2006,PR,41720,18369,18053,316,40,1.0,44.02924256951103,1.7202896183787904
Mpumalanga,MP321,MP321 - Thaba Chweu,2006,WARD,41720,18311,18010,301,40,1.0,43.8902205177373,1.6438206542515428
Mpumalanga,MP321,MP321 - Thaba Chweu,2011,DC40,45624,24419,23877,542,46,1.0,53.52226898123794,2.219583111511528
Mpumalanga,MP321,MP321 - Thaba Chweu,2011,PR,45624,24408,23884,524,46,1.0,53.49815886375592,2.146837102589315
Mpumalanga,MP321,MP321 - Thaba Chweu,2011,WARD,45624,24382,23887,495,46,1.0,53.44117131334385,2.0301862029365925
Mpumalanga,MP321,MP321 - Thaba Chweu,2016,DC40,51549,27391,26904,487,47,1.0,53.13585132592291,1.777956263006097
Mpumalanga,MP321,MP321 - Thaba Chweu,2016,PR,51549,27692,27267,425,47,1.0,53.71976178005393,1.534739274880832
Mpumalanga,MP321,MP321 - Thaba Chweu,2016,WARD,51549,27707,27094,613,47,1.0,53.74886030766843,2.212437290215469
Mpumalanga,MP321,MP321 - Thaba Chweu,2021,DC40,50959,22117,21707,410,48,1.0,43.40155811534763,1.853777637111724
Mpumalanga,MP321,MP321 - Thaba Chweu,2021,PR,50959,22025,21668,357,48,1.0,43.221020820659746,1.6208853575482407
Mpumalanga,MP321,MP321 - Thaba Chweu,2021,WARD,50959,21960,21623,337,48,1.0,43.09346729723896,1.534608378870674
Mpumalanga,MP324,MP324 - Nkomazi,2000,DC40,103066,52407,51008,1399,101,1.0,50.848000310480664,2.669490716888965
Mpumalanga,MP324,MP324 - Nkomazi,2000,DMA_DC60,45,36,36,0,1,1.0,80.0,0.0
Mpumalanga,MP324,MP324 - Nkomazi,2000,PR,103021,52337,50946,1391,100,1.0,50.802263616155926,2.657775569864532
Mpumalanga,MP324,MP324 - Nkomazi,2000,WARD,103021,51012,49486,1526,100,1.0,49.51611807301424,2.9914529914529915
Mpumalanga,MP324,MP324 - Nkomazi,2006,DC40,127999,67103,65561,1542,126,1.0,52.42462831740873,2.297959852763662
Mpumalanga,MP324,MP324 - Nkomazi,2006,PR,127999,67054,65536,1518,126,1.0,52.38634676833413,2.2638470486473588
Mpumalanga,MP324,MP324 - Nkomazi,2006,WARD,127999,67234,65911,1323,126,1.0,52.52697286697553,1.9677544099711455
Mpumalanga,MP324,MP324 - Nkomazi,2011,DC40,146958,84829,83221,1608,159,1.0,57.723295091114466,1.8955781631281754
Mpumalanga,MP324,MP324 - Nkomazi,2011,PR,146958,84845,83188,1657,159,1.0,57.73418255556009,1.9529730685367435
Mpumalanga,MP324,MP324 - Nkomazi,2011,WARD,146958,84877,83297,1580,159,1.0,57.755957484451336,1.8615172543798673
Mpumalanga,MP324,MP324 - Nkomazi,2016,DC40,167009,101231,99934,1297,170,1.0,60.614098641390584,1.2812280823068032
Mpumalanga,MP324,MP324 - Nkomazi,2016,PR,167009,101771,100472,1299,170,1.0,60.93743450951745,1.276395043774749
Mpumalanga,MP324,MP324 - Nkomazi,2016,WARD,167009,101777,100452,1325,170,1.0,60.94102713027441,1.301865843952956
Mpumalanga,MP324,MP324 - Nkomazi,2021,DC40,172783,78265,76647,1618,177,1.0,45.296701643101464,2.0673353350795374
Mpumalanga,MP324,MP324 - Nkomazi,2021,PR,172783,78134,76584,1550,177,1.0,45.220883999004535,1.9837714695267106
Mpumalanga,MP324,MP324 - Nkomazi,2021,WARD,172783,78244,76856,1388,177,1.0,45.284547669620274,1.7739379377332447
Mpumalanga,MP325,MP325 - Bushbuckridge,2000,DC40,169979,66315,64483,1832,185,0.9837837837837838,39.01364286176528,2.7625725703083766
Mpumalanga,MP325,MP325 - Bushbuckridge,2000,DMA_DC60,320,0,0,0,1,1.0,0.0,
Mpumalanga,MP325,MP325 - Bushbuckridge,2000,PR,169659,66663,64934,1729,184,0.9836956521739131,39.29234523367461,2.593642650345769
Mpumalanga,MP325,MP325 - Bushbuckridge,2000,WARD,169659,65828,64211,1617,184,0.9836956521739131,38.80018154061971,2.456401531263292
Mpumalanga,MP325,MP325 - Bushbuckridge,2006,DC40,199502,89492,83671,5821,195,0.9948717948717949,44.85769566219888,6.504492021633219
Mpumalanga,MP325,MP325 - Bushbuckridge,2006,DMA_DC60,653,134,132,2,2,1.0,20.520673813169985,1.492537313432836
Mpumalanga,MP325,MP325 - Bushbuckridge,2006,PR,198849,88977,83229,5748,193,0.9948186528497409,44.746013306579364,6.460096429414343
Mpumalanga,MP325,MP325 - Bushbuckridge,2006,WARD,198849,90890,88607,2283,193,0.9948186528497409,45.70804982675296,2.511827483771592
Mpumalanga,MP325,MP325 - Bushbuckridge,2011,DC40,222942,114927,107193,7734,247,0.9878542510121457,51.55017897031515,6.729489153984703
Mpumalanga,MP325,MP325 - Bushbuckridge,2011,PR,222942,115914,113045,2869,247,0.9878542510121457,51.992895013052724,2.4751108580499337
Mpumalanga,MP325,MP325 - Bushbuckridge,2011,WARD,222942,114943,112717,2226,247,0.9878542510121457,51.55735572480735,1.9366120598905545
Mpumalanga,MP325,MP325 - Bushbuckridge,2016,DC40,244180,130662,127748,2914,259,0.9922779922779923,53.51052502252437,2.2301816901624036
Mpumalanga,MP325,MP325 - Bushbuckridge,2016,PR,244180,130773,128007,2766,259,0.9922779922779923,53.555983291014826,2.1151155054942534
Mpumalanga,MP325,MP325 - Bushbuckridge,2016,WARD,244180,130818,128489,2329,259,0.9922779922779923,53.57441231878123,1.7803360393829595
Mpumalanga,MP325,MP325 - Bushbuckridge,2021,DC40,245338,104267,101379,2888,262,1.0,42.49932745844509,2.7698121169689354
Mpumalanga,MP325,MP325 - Bushbuckridge,2021,PR,245338,104568,101777,2791,262,1.0,42.62201534209947,2.6690765817458497
Mpumalanga,MP325,MP325 - Bushbuckridge,2021,WARD,245338,105813,103486,2327,262,1.0,43.12947851535433,2.199162673773544
Mpumalanga,MP326,MP326 - City of Mbombela,2000,DC40,214138,97110,94534,2576,138,0.9565217391304348,45.34926075708188,2.6526619297703635
Mpumalanga,MP326,MP326 - City of Mbombela,2000,DMA_DC60,2791,528,453,75,3,0.6666666666666666,18.9179505553565,14.204545454545455
Mpumalanga,MP326,MP326 - City of Mbombela,2000,PR,211347,96587,94542,2045,135,0.9629629629629629,45.70067235399603,2.117262157433195
Mpumalanga,MP326,MP326 - City of Mbombela,2000,WARD,211347,96442,92814,3628,135,0.9629629629629629,45.632064803380224,3.7618464984135542
Mpumalanga,MP326,MP326 - City of Mbombela,2006,DC40,250696,117475,115332,2143,192,0.9791666666666666,46.85954303219836,1.8242179187061076
Mpumalanga,MP326,MP326 - City of Mbombela,2006,DMA_DC60,1839,428,414,14,2,1.0,23.27351821642197,3.2710280373831777
Mpumalanga,MP326,MP326 - City of Mbombela,2006,PR,248857,116910,114866,2044,190,0.9789473684210527,46.978787014229056,1.7483534342656744
Mpumalanga,MP326,MP326 - City of Mbombela,2006,WARD,248857,116926,115127,1799,190,0.9789473684210527,46.985216409423884,1.5385799565537177
Mpumalanga,MP326,MP326 - City of Mbombela,2011,DC40,283449,163052,161510,1542,231,0.987012987012987,57.52428126400164,0.9457105708608297
Mpumalanga,MP326,MP326 - City of Mbombela,2011,PR,283449,162766,161224,1542,231,0.987012987012987,57.42338127846632,0.9473723013405748
Mpumalanga,MP326,MP326 - City of Mbombela,2011,WARD,283449,162929,161062,1867,231,0.987012987012987,57.480887214278404,1.1458979064500487
Mpumalanga,MP326,MP326 - City of Mbombela,2016,DC40,316905,189522,187289,2233,280,0.9892857142857143,59.80404222085483,1.1782273298086765
Mpumalanga,MP326,MP326 - City of Mbombela,2016,PR,316905,188559,186352,2207,280,0.9892857142857143,59.50016566478913,1.1704559315651866
Mpumalanga,MP326,MP326 - City of Mbombela,2016,WARD,316905,188964,186784,2180,280,0.9892857142857143,59.627964216405545,1.1536588979911517
Mpumalanga,MP326,MP326 - City of Mbombela,2021,DC40,318116,130528,128604,1924,283,1.0,41.03157338832376,1.4740132385388576
Mpumalanga,MP326,MP326 - City of Mbombela,2021,PR,318116,130261,128417,1844,283,1.0,40.94764174074866,1.4156194102609376
Mpumalanga,MP326,MP326 - City of Mbombela,2021,WARD,318116,130218,128563,1655,283,1.0,40.93412465892945,1.2709456449953156
